-- phpMyAdmin SQL Dump
-- version 4.6.4
-- https://www.phpmyadmin.net/
--
-- Host: localhost:3306
-- Generation Time: Jan 04, 2018 at 04:53 PM
-- Server version: 10.2.3-MariaDB-log
-- PHP Version: 5.5.38

SET SQL_MODE = "NO_AUTO_VALUE_ON_ZERO";
SET time_zone = "+00:00";


/*!40101 SET @OLD_CHARACTER_SET_CLIENT=@@CHARACTER_SET_CLIENT */;
/*!40101 SET @OLD_CHARACTER_SET_RESULTS=@@CHARACTER_SET_RESULTS */;
/*!40101 SET @OLD_COLLATION_CONNECTION=@@COLLATION_CONNECTION */;
/*!40101 SET NAMES utf8mb4 */;

--
-- Database: `web5`
--

-- --------------------------------------------------------

--
-- Table structure for table `akses`
--

CREATE TABLE `akses` (
  `id_akses` int(11) NOT NULL,
  `akses` varchar(255) NOT NULL,
  `status` int(11) NOT NULL
) ENGINE=InnoDB DEFAULT CHARSET=latin1;

--
-- Dumping data for table `akses`
--

INSERT INTO `akses` (`id_akses`, `akses`, `status`) VALUES
(1, 'akses', 1),
(2, 'user', 1),
(3, 'kategori', 1),
(4, 'penanda', 1),
(5, 'post', 1),
(7, 'divisi', 1),
(8, 'aktivitas', 1);

-- --------------------------------------------------------

--
-- Table structure for table `divisi`
--

CREATE TABLE `divisi` (
  `id_divisi` int(11) NOT NULL,
  `divisi` varchar(255) NOT NULL,
  `status` int(1) NOT NULL
) ENGINE=InnoDB DEFAULT CHARSET=latin1;

--
-- Dumping data for table `divisi`
--

INSERT INTO `divisi` (`id_divisi`, `divisi`, `status`) VALUES
(1, 'Seluler', 1),
(2, 'Travel', 1);

-- --------------------------------------------------------

--
-- Table structure for table `kategori`
--

CREATE TABLE `kategori` (
  `id_kategori` int(11) NOT NULL,
  `nama` varchar(255) NOT NULL,
  `divisi_id` int(11) DEFAULT NULL,
  `status` int(1) NOT NULL
) ENGINE=InnoDB DEFAULT CHARSET=latin1;

--
-- Dumping data for table `kategori`
--

INSERT INTO `kategori` (`id_kategori`, `nama`, `divisi_id`, `status`) VALUES
(4, 'Transaksi', 2, 1),
(5, 'Informasi', 2, 1),
(6, 'Transaksi', 1, 1),
(7, 'Informasi', 1, 1),
(8, 'Customer', 2, 0);

-- --------------------------------------------------------

--
-- Table structure for table `log`
--

CREATE TABLE `log` (
  `id_log` int(11) NOT NULL,
  `ket` varchar(255) NOT NULL,
  `user_id` int(11) NOT NULL,
  `tgl` datetime NOT NULL
) ENGINE=InnoDB DEFAULT CHARSET=latin1;

--
-- Dumping data for table `log`
--

INSERT INTO `log` (`id_log`, `ket`, `user_id`, `tgl`) VALUES
(1, 'Update Akses aktivitas', 1, '2017-12-21 09:09:15'),
(2, 'Update User admin', 1, '2017-12-21 09:17:03'),
(3, 'Delete User user', 1, '2017-12-26 11:51:58'),
(4, 'Update Post Sistem Jaringan Internet Karunia', 1, '2017-12-26 12:03:37'),
(5, 'Tambah Post coba', 1, '2017-12-26 21:14:34'),
(6, 'Update Post coba', 1, '2017-12-26 21:17:20'),
(7, 'Update Post coba', 1, '2017-12-26 21:21:05'),
(8, 'Update Post coba', 1, '2017-12-27 04:55:57'),
(9, 'Update Post Cara Refund Trigana', 1, '2018-01-02 14:50:49'),
(10, 'Update Post Cara Singkat Proses Transaksi di Abacus', 1, '2018-01-02 14:54:19'),
(11, 'Update Post Cara Mendaftar Telegram Center Otomatis', 1, '2018-01-02 14:55:10'),
(12, 'Update Post Cara Membuat Cek BNI', 1, '2018-01-02 14:55:59'),
(13, 'Update Post Cara Membuat PIN Transaksi', 1, '2018-01-02 15:38:02'),
(14, 'Update Post Cara Membuat Cek BNI', 1, '2018-01-02 15:41:50'),
(15, 'Update Post Cara Membuat PIN Transaksi', 1, '2018-01-02 15:42:39'),
(16, 'Tambah Post Cara Topup MG Holiday', 1, '2018-01-02 15:46:59'),
(17, 'Update Post Cara Topup MG Holiday', 1, '2018-01-02 15:48:25'),
(18, 'Update Post Cara Topup MG Holiday', 1, '2018-01-02 15:49:08'),
(19, 'Update Post Cara Topup MG Holiday', 1, '2018-01-02 15:49:56'),
(20, 'Update Post Cara Topup MG Holiday', 1, '2018-01-02 15:50:21'),
(21, 'Update Post Terminal Maskapai di Jakarta (Updated)', 1, '2018-01-02 15:53:07'),
(22, 'Update Post Cara Topup Xpress Air', 1, '2018-01-02 15:55:47'),
(23, 'Tambah Kategori Customer', 1, '2018-01-02 15:59:59'),
(24, 'Delete Kategori Customer', 1, '2018-01-02 16:01:40'),
(25, 'Tambah Penanda Customer', 1, '2018-01-02 16:01:55'),
(26, 'Tambah Post Cara Topup Sriwijaya', 1, '2018-01-02 16:14:02'),
(27, 'Update Post Cara Topup Sriwijaya', 1, '2018-01-02 16:15:28'),
(28, 'Update Post Cara Topup Sriwijaya', 1, '2018-01-02 16:15:57'),
(29, 'Update Post Cara Topup Sriwijaya', 1, '2018-01-02 16:16:20'),
(30, 'Update Post Cara Topup Sriwijaya', 1, '2018-01-02 16:19:24'),
(31, 'Update Post Cara Topup Sriwijaya', 1, '2018-01-02 16:20:34'),
(32, 'Update Post Cara Topup Sriwijaya', 1, '2018-01-02 16:21:02'),
(33, 'Update Post Cara Topup Sriwijaya', 1, '2018-01-02 16:22:21'),
(34, 'Update Post Cara Topup MG Holiday', 1, '2018-01-02 16:24:52'),
(35, 'Update Post Cara Topup Sriwijaya', 1, '2018-01-02 16:26:13'),
(36, 'Update Post Cara Topup Sriwijaya', 1, '2018-01-02 16:26:47'),
(37, 'Update Post Cara Topup MG Holiday', 1, '2018-01-02 16:27:39'),
(38, 'Update Post Cara Topup Sriwijaya', 1, '2018-01-02 16:29:38'),
(39, 'Update Post Cara Topup MG Holiday', 1, '2018-01-02 16:31:34'),
(40, 'Update Post Cara Refund Trigana', 1, '2018-01-02 16:32:24'),
(41, 'Update Post Cara Topup Sriwijaya', 1, '2018-01-02 16:33:05'),
(42, 'Update Post Cara Topup MG Holiday', 1, '2018-01-02 16:33:20'),
(43, 'Update Post Cara Refund Trigana', 1, '2018-01-02 16:33:37'),
(44, 'Update Post Cara Topup Tiger Scoot', 1, '2018-01-02 16:34:20'),
(45, 'Update Post Cara Topup Citilink', 1, '2018-01-02 16:43:31'),
(46, 'Update Post Cara Topup Citilink', 1, '2018-01-02 16:44:37'),
(47, 'Update Post Call Center Lion Air', 1, '2018-01-02 16:45:34'),
(48, 'Update Post Ketentuan Penarikan Saldo', 1, '2018-01-02 16:46:15'),
(49, 'Update Post Call Center Sriwijaya Air', 1, '2018-01-02 16:47:54'),
(50, 'Update Post Format Promo Broadcast / BC Customer', 1, '2018-01-02 16:48:41'),
(51, 'Update Post Cara Singkat Proses Transaksi di Abacus', 1, '2018-01-02 16:49:27'),
(52, 'Update Post Cara Mendaftar Telegram Center Otomatis', 1, '2018-01-02 16:49:57'),
(53, 'Update Post Cara Membuat Cek BNI', 1, '2018-01-02 16:50:34'),
(54, 'Update Post Cara Membuat PIN Transaksi', 1, '2018-01-02 16:50:57'),
(55, 'Update Post Cara Transfer VA Mandiri', 1, '2018-01-02 16:51:26'),
(56, 'Update Post Cara Topup Xpress Air', 1, '2018-01-02 16:51:52'),
(57, 'Tambah Post tes', 1, '2018-01-02 21:27:17'),
(58, 'Update Post tes', 1, '2018-01-02 21:57:50'),
(59, 'Update Post tes', 1, '2018-01-02 22:31:49'),
(60, 'Delete Post tes', 1, '2018-01-04 09:33:16');

-- --------------------------------------------------------

--
-- Table structure for table `post`
--

CREATE TABLE `post` (
  `id_post` int(11) NOT NULL,
  `slug` varchar(255) NOT NULL,
  `judul` varchar(255) NOT NULL,
  `isi` text NOT NULL,
  `kategori_id` int(11) DEFAULT NULL,
  `tag_id` varchar(255) DEFAULT NULL,
  `user_id` int(11) NOT NULL,
  `tgl` datetime NOT NULL,
  `divisi_id` int(11) DEFAULT NULL,
  `status` int(11) NOT NULL
) ENGINE=InnoDB DEFAULT CHARSET=latin1;

--
-- Dumping data for table `post`
--

INSERT INTO `post` (`id_post`, `slug`, `judul`, `isi`, `kategori_id`, `tag_id`, `user_id`, `tgl`, `divisi_id`, `status`) VALUES
(14, 'cara-topup-citilink', 'Cara Topup Citilink', '<p><strong>CARA TOP UP CITILINK</strong><br />\r\n<br />\r\n<strong><u>Topup Citilink di Mesin EDC Permata</u></strong><br />\r\n1. Gunakan kartu ATM Permata warna hijau di Mesin EDC Permata<br />\r\n2. Masuk ke menu PEMBAYARAN<br />\r\n3. Lalu VIRTUAL ACCOUNT<br />\r\n4. Input kode topup ini: 8990000038000413<br />\r\n5. Masukan nominal dan password<br />\r\n6. Struk keluar dan ambil<br />\r\n7. SELESAI<br />\r\n<br />\r\n<em><strong>Kode topup Citilink di Permata: 8990000038000413</strong></em><br />\r\n<br />\r\n-----------------------------------------------------------------------------------<br />\r\n<br />\r\n<strong><u>Topup Citilink melalui Bank Mandiri</u></strong><br />\r\n1. Login internet banking Mandiri<br />\r\n2. Masuk menu BAYAR<br />\r\n3. Masuk menu MULTI PAYMENT<br />\r\n4. Pilih Dari Rekening xxx5979<br />\r\n5. Centang Penyedia Jasa dan pilih CITILINK TOP UP<br />\r\n6. Isi Kode Agent: 0038000413<br />\r\n7. Nominal di isi sesuai nominal yang akan di topup<br />\r\n8. Lanjutkan dan Centang Nominal Lanjutkan lagi.<br />\r\n9. Proses input token<br />\r\n10. Selesai<br />\r\n<br />\r\n<em><strong>Kode&nbsp; topup Citilink di Mandiri: 0038000413</strong></em><br />\r\n<br />\r\nCatatan:<br />\r\n- Diutamakan topup di Bank Permata<br />\r\n<br />\r\n&nbsp;</p>\r\n\r\n<p style="text-align:center"><strong>- PELAJARI | PAHAMI | PRAKTEKAN -</strong></p>\r\n', 4, '15', 1, '2017-12-14 09:05:59', NULL, 1),
(15, 'bagasi-maskapai', 'Bagasi Maskapai', '<h4><b>INFORMASI BAGASI MASKAPAI</b></h4><p><br><b>1. LION AIR GROUPS</b><br><i><b>- Lion Air (JT)</b></i><br>Domestik<br>Ekonomi: 20 kg<br>Bisnis: 30 kg<br><br>Internasional<br>Ekonomi: 20 kg<br><br><i><b>- Batik Air (ID)</b></i><br>Ekonimi: 20 kg<br>Bisnis: 30 kg<br><br><i><b>- Wings Air (IW)</b></i><br>Ekonomi: 10 kg<br><br><i><b>- Thai Lion Air</b></i><br>Domestik<br>Ekonomi: 15 kg<br><br>Internasional<br>Singapura: 20 kg<br>Jakarta Cengkareng: 20 kg<br>Myanmar: 30 kg<br><br><i><b>- Malindo (OD)</b></i><br>Domestik<br>Ekonomi: 30 kg (Pesawat Boeing)<br>Ekonomi: 15 kg (Pesawat ATR)<br>Bisnis: 40 kg (Pesawat ATR)<br>Infant: 10 kg<br><br>Internasional<br>Ekonomi: 30 kg<br>Bisnis: 40 kg<br>Infant: 10 kg<br>(Harap Cek Ulang MALINDO)<br><br>--------------------------------<br><br><b>2. CITILINK INDONESIA (QG)</b><br>Bagasi 20 kg dan kabin 7 kg.<br><br>--------------------------------<br><br><b>3. GARUDA INDONESIA (GA)</b><br>Firs Class / Eksekutif: 40 kg dewasa dan 20 kg infant.<br>Bisnis: 30 kg dewasa dan 10 kg infant<br>Ekonomi: 20 kg dewasa dan 10 kg infant<br>Kabin 7 kg<br><br>-----------------------------------<br><br><b>4. AIRASIA (X, XT)</b><br>Domestik: 15 kg<br>Internasional: Tanpa bagasi (bayar lagi jika mau bagasi)<br>Kabin 7 kg<br><br>------------------------------------<br><br><b>5. SRIWIJAYA AIR (SJ)</b><br>Bagasi 20 kg, kecuali rute CGK-TNJ bagasinya 15 kg.<br>NAM Air perlu update!<br><br>--------------------------------------<br><br><b>6. KALSTAR (KD)</b><br>Pesawat ATR / baling-baling : 10 kg (rute pendek)<br>Pesawat EMBRAYER / BOENG: 20kg (rute panjang)<br><br>---------------------------------------<br><br><b>7. EXPESS AIR (XN)</b><br>Pesawat baling-baling: 10 kg (rute pendek)<br>Pesawat BOENG: 20 kg (rute panjang)<br>Kabin 7 kg<br><br>---------------------------------------<br><br><b>8. TRIGANA (IL)</b><br>Pesawat ATR / baling-baling : 10 kg (rute pendek)<br>Pesawat BOENG: 20kg (rute panjang)<br>7 KABIN<i><b></b></i></p><p><b>NOTE:</b><br><i><b>Ketentuan bagasi dapat berubah sewaktu-waktu, silahkan update jika menemukan informasi perubahan dari maskapai.</b></i><br><br></p>                                    ', 5, '16', 1, '2017-12-14 09:24:57', NULL, 0),
(16, 'call-center-lion-air', 'Call Center Lion Air', '<h3><strong>Call Center Lion Air Group</strong></h3>\r\n\r\n<h3><strong>LION AIR 08041778899 / 021-63798000<em> </em>(24 Jam)</strong></h3>\r\n\r\n<h4><strong>Lion SUB: 031-5036111</strong></h4>\r\n\r\n<p><u>Jam Operasional Lion Surabaya:</u><br />\r\n<em>- Senin - Jumat jam 08.30 - 16.30<br />\r\n- Sabtu jam 08.30 - 14.30<br />\r\n- Minggu / Libur Nasional jam 10.00 - 14.00</em><br />\r\n<br />\r\n<u>Keterangan:</u><br />\r\n- Saat menelepon selalu awali dengan angka 9<br />\r\n- Jika tidak bisa, silahkan awali dengan 85<br />\r\n- Panggilan Cepat: *14<br />\r\n<br />\r\n<span style="color:#3498db"><em>*Saat ini Lion Surabaya dapat dikontak melalui Telegram, utamakan kontak di Telegram dulu.</em></span><br />\r\n&nbsp;</p>\r\n\r\n<p style="text-align:center"><strong>- PELAJARI | PAHAMI | PRAKTEKAN -</strong></p>\r\n', 5, '17', 1, '2017-12-14 09:55:16', NULL, 1),
(17, 'ketentuan-penarikan-saldo-agent', 'Ketentuan Penarikan Saldo', '<strong>KETENTUAN PENARIKAN SALDO AGENT:</strong>\r\n<ol>\r\n	<li>Rekening penerima wajib atas nama pemilik travel yang terdaftar.</li>\r\n	<li>Pemilik Rekening travel hanya diperkenankan mendaftarkan 1 (satu) rekening per bank yang dapat menerima transfer dari Karunia Travel. Contoh: 1 rekening BCA, 1 rekening Mandiri, dll. Mendaftarkan 2 nama / 2 nomor rekening dalam 1 bank tidak diizinkan.</li>\r\n	<li>Apabila saat permintaan transfer balik / penarikan saldo terjadi cross bank (bank penyetoran berbeda dengan bank penarikan) maka akan dikenakan biaya Rp. 25,000 / transaksi.</li>\r\n	<li>Penarikan di atas Rp. 2,000,000 memerlukan verifikasi khusus kepada Admin Karunia Travel dan akan memakan waktu minimal 24 jam dan maksimal 48 jam kerja (tidak termasuk Sabtu - Minggu dan hari libur nasional).</li>\r\n	<li>Penarikan saldo yang dilakukan selain melalui Bank BCA, Mandiri, dan BNI akan diproses di hari kerja berikutnya (tidak termasuk hari Minggu dan libur nasional). Saldo akan dipotong terlebih dahulu.</li>\r\n</ol>\r\n\r\n<p><br />\r\nUpaya ini dilakukan untuk mendukung program pemerintah dalam hal Money Laundry (pencucian uang) dan untuk keamanan kita bersama. Artikel dapat dilihat di http://id.wikipedia.org/wiki/Pencucian_uang.</p>\r\n\r\n<p><u><strong>Catatan untuk Staff:</strong></u><br />\r\n<span style="color:#e74c3c"><em>- Wajib menulis keterangan ID Agent di kolom berita saat akan memproses penarikan saldo / transfer balik.</em></span></p>\r\n\r\n<p>&nbsp;</p>\r\n\r\n<p style="text-align:center"><strong>- PELAJARI | PAHAMI | PRAKTEKAN -</strong></p>\r\n', 5, '19', 1, '2017-12-14 10:29:14', NULL, 1),
(18, 'call-center-sriwijaya-air', 'Call Center Sriwijaya Air', '<h3><strong>Call Center Sriwijaya Air<br />\r\n<br />\r\nSRIWIJAYA: 08041777777 / 021-29279777 (24 jam)</strong></h3>\r\n\r\n<h4><strong>Sriwijaya SUB: 031-5052777</strong></h4>\r\n<br />\r\n<u>Keterangan:</u><br />\r\n- Saat menelepon selalu awali dengan angka 9<br />\r\n- Jika tidak bisa, silahkan awali dengan 85<br />\r\n- Panggilan Cepat: *12<br />\r\n<br />\r\n&nbsp;\r\n<div style="text-align:center"><strong>- PELAJARI | PAHAMI | PRAKTEKAN -</strong></div>\r\n', 5, '17', 1, '2017-12-14 11:42:55', NULL, 1),
(19, 'call-center-citilink', 'Call Center Citilink', '<h3><strong><span style="color:#3498db"><u>Call Center Citilink</u></span><br />\r\n<br />\r\nCITILINK INDONESIA: 08041080808 (24 jam)</strong></h3>\r\n\r\n<h4><strong>Citilink SUB: 031-8553887<br />\r\nCitilink Agent: 021-29341014</strong></h4>\r\n<br />\r\n<u>Keterangan:</u><br />\r\n- Saat menelepon selalu awali dengan angka 9<br />\r\n- Jika tidak bisa, silahkan awali dengan 85<br />\r\n- Panggilan Cepat: *15<br />\r\n&nbsp;', 5, '17', 1, '2017-12-14 11:53:29', NULL, 1),
(20, 'call-center-garuda-indonesia', 'Call Center Garuda Indonesia', '<h3><strong>Call Center Garuda Indonesia<br />\r\n<br />\r\nGARUDA: 08041807807 / (021) 23519999 (24 jam)</strong></h3>\r\n<br />\r\n<u>Keterangan:</u><br />\r\n- Saat menelepon selalu awali dengan angka 9<br />\r\n- Jika tidak bisa, silahkan awali dengan 85<br />\r\n- Panggilan Cepat: *11<br />\r\n&nbsp;', 5, '17', 1, '2017-12-14 12:05:09', NULL, 1),
(21, 'call-center-airasia', 'Call Center AirAsia', '<h3><strong>Call Center AirAsia<br />\r\n<br />\r\nAIRASIA INDONESIA: 08041333333 / (021) 29270999 (24 jam)</strong></h3>\r\n<br />\r\nKeterangan:<br />\r\n- Saat menelepon selalu awali dengan angka 9<br />\r\n- Jika tidak bisa, silahkan awali dengan 85<br />\r\n&nbsp;', NULL, NULL, 1, '2017-12-14 12:09:02', NULL, 1),
(22, 'call-center-airasia-1513228166', 'Call Center AirAsia', 'Call Center AirAsia', NULL, NULL, 1, '2017-12-14 12:09:26', NULL, 1),
(23, 'call-center-airasia-1513228224', 'Call Center AirAsia', '<h3><strong><span style="color:#3498db"><u>Call Center AirAsia Indonesia</u></span><br />\r\n<br />\r\nAIRASIA: 08041333333 / 021-29270999 (24 jam)</strong></h3>\r\n\r\n<h4><strong>AirAsia Travel Agent: 021-7205782</strong></h4>\r\n<br />\r\n<u>Keterangan:</u><br />\r\n- Saat menelepon selalu awali dengan angka 9<br />\r\n- Jika tidak bisa, silahkan awali dengan 85<br />\r\n&nbsp;', 5, '17', 1, '2017-12-14 12:10:24', NULL, 1),
(24, 'call-center-trigana', 'Call Center Trigana', '<h3><strong><span style="color:#3498db"><u>Call Center Trigana Air Service</u></span><br />\r\n<br />\r\nTRIGANA: 021 - 86613207 / ex. 08 (24 jam)</strong></h3>\r\n\r\n<h4><strong>Trigana SUB: 031 - 8688487 / 031 - 72889111<br />\r\nBapak Erik Trigana SUB: 088805763262</strong></h4>\r\n<br />\r\n<u>Keterangan:</u><br />\r\n- Saat menelepon selalu awali dengan angka 9<br />\r\n- Jika tidak bisa, silahkan awali dengan 85<br />\r\n- Panggilan Cepat: *17<br />\r\n&nbsp;', 5, '17', 1, '2017-12-14 12:16:57', NULL, 1),
(25, 'call-center-expres-air', 'Call Center Expres Air', '<h3><strong><span style="color:#3498db"><u>Call Center Xpres Air</u></span><br />\r\n<br />\r\nExpress: 021-65865656 / 021-500890 / 021-29407777</strong></h3>\r\n<br />\r\n<u>Keterangan:</u><br />\r\n- Saat menelepon selalu awali dengan angka 9<br />\r\n- Jika tidak bisa, silahkan awali dengan 85<br />\r\n&nbsp;', 5, '17', 1, '2017-12-14 12:22:24', NULL, 1),
(26, 'call-center-jetstar', 'Call Center Jetstar', '<h3><strong><span style="color:#3498db"><u>Call Center Jetstar Airways</u></span><br />\r\n<br />\r\nJETSTAR / Value Air: 021-2555 6333 (24 jam)</strong></h3>\r\n<br />\r\n<u>Keterangan:</u><br />\r\n- Saat menelepon selalu awali dengan angka 9<br />\r\n- Jika tidak bisa, silahkan awali dengan 85<br />\r\n&nbsp;', 5, '17', 1, '2017-12-14 12:24:23', NULL, 1),
(27, 'call-center-kereta-api-indonesia', 'Call Center Kereta Api Indonesia', '<h3><strong><span style="color:#3498db"><u>Call Center Kereta Api Indonesia</u></span><br />\r\n<br />\r\nKERETA API INDONESIA: 121 / 021-121 (24 jam)</strong></h3>\r\n<br />\r\n<u>Keterangan:</u><br />\r\n- Saat menelepon selalu awali dengan angka 9<br />\r\n- Jika tidak bisa, silahkan awali dengan 85<br />\r\n&nbsp;', 5, '17', 1, '2017-12-14 12:29:14', NULL, 1),
(28, 'login-bank', 'Login Bank', '<h1><span style="color:#3498db"><u><span style="font-size:22px"><strong>Username &amp; Password Bank</strong></span></u></span></h1>\r\n<br />\r\n<strong>1. <u>Bank BCA</u></strong><br />\r\n<em><strong>- BCA<span style="font-size:11.0pt"> untuk dana masuk (Rekening Travel)</span></strong></em><br />\r\nUser&nbsp; : indragun2998<br />\r\nPass : 999999<br />\r\n<br />\r\n<em><strong>- BCA untuk transaksi dana keluar</strong></em><br />\r\nUser&nbsp; : indragun3086<br />\r\nPass : 999999<br />\r\n<br />\r\n-----------------------------------------------------------------------<br />\r\n<br />\r\n<strong>2. <u>Bank Mandiri</u></strong><br />\r\nUser&nbsp; : indrags86<br />\r\nPass : 999999<br />\r\n<br />\r\n-----------------------------------------------------------------------<br />\r\n<br />\r\n<strong>3. <u>Bank BNI</u></strong><br />\r\nUser&nbsp; : indragun3086<br />\r\nPass : Abcd9999<br />\r\n<br />\r\n-----------------------------------------------------------------------<br />\r\n<br />\r\n<strong>4. <u>Bank BRI</u></strong><br />\r\nUser&nbsp; : indrag0930<br />\r\nPass : Abcd9999<br />\r\n<br />\r\n-----------------------------------------------------------------------<br />\r\n<br />\r\n<strong>5. <u>Bank BII (Maybank)</u></strong><br />\r\n<em><strong>- Bank BII Travel</strong></em><br />\r\nUser&nbsp; : indragun3086<br />\r\nPass : Abcd9999<br />\r\n<br />\r\n<em><strong>- Bank BII Coolpay (Password sering update)</strong></em><br />\r\nCode : TCK2846<br />\r\nUser : INDRA86<br />\r\nPass : Abcd9797<br />\r\n<br />\r\n-----------------------------------------------------------------------<br />\r\n<br />\r\n<strong>6. <u>Bank CIMB Niaga</u></strong><br />\r\nUser&nbsp; : indrags<br />\r\nPass : Abc999<br />\r\n<br />\r\n-----------------------------------------------------------------------<br />\r\n<br />\r\n<strong>7. <u>Bank Permata</u></strong><br />\r\nUser&nbsp; : indrags<br />\r\nPass : Abc999<br />\r\n<br />\r\n-----------------------------------------------------------------------<br />\r\n<br />\r\n<strong>8. <u>Bank Danamon</u></strong><br />\r\nUser&nbsp; : indragun3086<br />\r\nPass : 99999999<br />\r\n<br />\r\n-----------------------------------------------------------------------<br />\r\n<br />\r\n<strong>9. <u>Bank Mega</u></strong><br />\r\nUser&nbsp; :<br />\r\nPass :<br />\r\n<br />\r\n<br />\r\n<span style="color:#ff0033"><em><u>Catatan:</u><br />\r\n- Mohon jaga kerahasiaan user login bank.<br />\r\n- Beberapa bank memberlakukan ketentuan untuk mengganti password secara berkala (update).</em></span><br />\r\n&nbsp;', 5, '21', 1, '2017-12-14 12:45:34', NULL, 1),
(29, 'sms-pengingat-customer', 'SMS Pengingat Customer', '<h3><span style="font-size:18px"><strong>SMS PENGINGAT CUSTOMER</strong></span></h3>\r\n\r\n<table border="1" cellpadding="1" cellspacing="1" style="width:500px">\r\n	<caption>\r\n	<div style="text-align:left"><strong>Form Pending SMS</strong></div>\r\n	</caption>\r\n	<tbody>\r\n		<tr>\r\n			<td><span style="color:#3498db">KARUNIA TRAVEL:<br />\r\n			Selamat malam Bapak Susilo,<br />\r\n			Tiket Sriwijaya ABCDEF Anda berangkat jam 21.00. Harap datang 2 jam sebelumnya untuk menghindari keterlambatan.</span><br />\r\n			&nbsp;</td>\r\n		</tr>\r\n	</tbody>\r\n</table>\r\n<br />\r\n<br />\r\n<u>Keterangan:</u><br />\r\n- Disarankan teks maksimal 160 karakter<br />\r\n- Bisa dikirim 12 jam sebelum jadwal penerbangan<br />\r\n- Pastikan setting tanggal dan jam pengiriman SMS sesuai<br />\r\n&nbsp;', 5, '20', 1, '2017-12-14 13:10:43', NULL, 1),
(30, 'format-promo-broadcast-bc-customer', 'Format Promo Broadcast / BC Customer', 'Selamat pagi...<br />\r\nSalam hangat dari Karunia Travel Surabaya<br />\r\n<br />\r\n<strong>TIKET MURAH MINGGU INI! </strong><br />\r\nLION Surabaya - Balikpapan mulai Rp 494,300<br />\r\nCITILINK Makassar - Surabaya mulai Rp 494,600<br />\r\nSRIWIJAYA Semarang - Jakarta mulai Rp 332,200<br />\r\nAIRASIA Denpasar - Surabaya mulai Rp 389,000<br />\r\n<br />\r\n<strong>HOTEL MURAH di MALANG!</strong><br />\r\nEveryday Smart Hotel mulai Rp 340,000 / malam<br />\r\nAmaris Hotel mulai Rp 371,000 / malam<br />\r\nThe Grand Palace Hotel mulai Rp 370,000 / malam<br />\r\nSwiss Bellin mulai Rp 530,000 / malam<br />\r\nThe Singasari Resort mulai Rp 1,100,000 / malam<br />\r\n*Semua termasuk sarapan untuk 2 orang<br />\r\n<br />\r\n<strong>DAN MASIH BANYAK PILIHAN PENERBANGAN DAN HOTEL LAINNYA....</strong><br />\r\n<br />\r\n<strong>DAPATKAN POTONGAN LANGSUNG DENGAN MEMESAN TIKET PESAWAT HARI INI!!!</strong><br />\r\n<br />\r\nPesan sekarang juga!<br />\r\nHubungi kami 24 jam:<br />\r\nKARUNIA TRAVEL SURABAYA<br />\r\nPertokoan Kalibutuh Indah<br />\r\nJl. Kalibutuh 134-Q, Surabaya<br />\r\nTelp: 031-5313253 | Fax: 031-5461793<br />\r\nwww.karuniatravel.com<br />\r\n<br />\r\n<strong>WA | Line | Telegram | SMS:</strong><br />\r\n087853685888<br />\r\n082234446699<br />\r\n085850080001<br />\r\n<br />\r\n<br />\r\n<u>Catatan:</u><br />\r\n- BC setiap 2 hari sekali melalui WA nomor XL<br />\r\n- Sertakan emot senyum atau logo pesawat<br />\r\n- Pembukaan bisa diganti Selamat pagi, selamat berakhir pekan, selamat hari pahlawan dll.<br />\r\n<br />\r\n&nbsp;\r\n<div style="text-align:center"><strong>- PELAJARI | PAHAMI | PRAKTEKAN -</strong></div>\r\n', 5, '20,22', 1, '2017-12-14 13:34:25', NULL, 1),
(31, 'nomor-kontak-karunia-travel', 'NOMOR KONTAK KARUNIA TRAVEL', '<h1><span style="font-size:20px"><span style="color:#3498db"><strong>NOMOR KONTAK KARUNIA TRAVEL</strong></span></span></h1>\r\n<br />\r\n<span style="color:#3498db"><u><strong>Nomor 24 jam KHUSUS Telpon</strong></u></span><br />\r\n031-5313253<br />\r\nXL : 087852748111<br />\r\nTelkomsel : 081234356699<br />\r\nIM3 : 085785684111<br />\r\n<br />\r\n<span style="color:#3498db"><u><strong>Nomor 24 jam KHUSUS SMS</strong></u></span><br />\r\nXL : 087853685888<br />\r\nTelkomsel: 082234446699<br />\r\nIM3: 085850080001<br />\r\n(<em>Tersambung ke WhatsApp dan Telegram</em>)<br />\r\n<br />\r\n<u><strong>Whatsapp</strong></u><br />\r\n<span style="color:#3300ff"><strong>087853685888 | Karunia Travel 3 (XL)&nbsp;&nbsp; | Telegram 3 | @karuniatravel3 (Aktif 24 JAM)</strong></span><br />\r\n082234446699 Karunia travel 4 (Tsel) | Telegram 1<br />\r\n085850080001 Karunia travel 1 (ISAT) | Telegram 4<br />\r\n<br />\r\n<span style="color:#3498db"><u><strong>Telegram</strong></u></span><br />\r\n@karuniatravel1<br />\r\n@karuniatravel3<br />\r\n@karuniatravel4<br />\r\n<br />\r\n<span style="color:#3498db"><u><strong>Pin BBM</strong></u></span><br />\r\n2B161D17<br />\r\n<br />\r\n<span style="color:#3498db"><u><strong>LINE</strong></u></span><br />\r\n@karuniatravel1<br />\r\n@karuniatravel3<br />\r\n<br />\r\n<span style="color:#3498db"><u><strong>YM (Yahoo Messenger)</strong></u></span><br />\r\nkaruniatravel1<br />\r\nkaruniatravel3<br />\r\n<br />\r\n<span style="color:#3498db"><u><strong>Email </strong></u></span><br />\r\nticketing@karuniatravel.com<br />\r\n<br />\r\n----------------------------------------------------------------------------<br />\r\n<br />\r\n<span style="color:#3498db"><strong>Kontak Tim OP (Whatsapp dan Telegram)</strong></span><br />\r\nZuhri&nbsp;&nbsp; &nbsp; : 081336624444<br />\r\nAgung&nbsp;&nbsp; : 085755637225<br />\r\nAdit&nbsp;&nbsp; &nbsp;&nbsp; : 085733877469<br />\r\n<br />\r\nMas Indra: 081331486677<br />\r\n(<span style="color:#ff0033"><em>Konfirmasi dulu ke Mas Indra kalau ada yang meminta nomornya</em></span>)<br />\r\n&nbsp;', 5, '20,23', 1, '2017-12-14 13:46:12', NULL, 1),
(32, 'rekening-karunia-travel', 'Rekening Karunia Travel', '<h2><span style="color:#3498db"><u><strong>Nomor Rekening Karunia Travel</strong></u></span></h2>\r\nBCA: 2140636323<br />\r\nMandiri: 1420006095979<br />\r\nBNI: 0299469673<br />\r\nNiaga: 2160100086118<br />\r\nDanamon: 91980789<br />\r\nBII: 1089059789<br />\r\nBRI: 313701001727500<br />\r\nBank Mega: 020380029000017<br />\r\nPermata: 4104967685<br />\r\n<br />\r\nSemua atas nama Indra Gunawan Soetanto.<br />\r\n<br />\r\n<br />\r\n<u><strong>Catatan:</strong></u><br />\r\n- Info atas nama &quot;Indra Gunawan&quot; kepada agent baru<br />\r\n&nbsp;', 5, '21,23,24', 1, '2017-12-14 14:00:04', NULL, 1),
(33, 'terminal-maskapai-di-jakarta-update', 'Terminal Maskapai di Jakarta (Updated)', '<span style="color:#3498db"><u><span style="font-size:18px"><strong>TERMINAL MASKAPAI DI JAKARTA (CGK) - Updated 03 Juli 2017</strong></span></u></span><br />\r\n<br />\r\n<strong>1. LION AIR GROUPS</strong><br />\r\n- Terminal 1A<br />\r\nPenerbangan untuk dari dan menuju Pulau Jawa, Sulawesi, Kalimantan, Ambon, dan Papua.<br />\r\n- Terminal 1B<br />\r\nPenerbangan dari dan menuju Pulau Sumatera, Bali, dan Lombok.<br />\r\n- Terminal 1C<br />\r\nBatik Air<br />\r\n- Terminal 2E<br />\r\nKhusus Lion Internasional<br />\r\n<br />\r\n--------------------------------------------------------------------------------------------------------------------<br />\r\n<br />\r\n<strong>2. CITILINK INDONESIA</strong><br />\r\nTerminal 1C (CGK dan HLP)<br />\r\n<br />\r\n--------------------------------------------------------------------------------------------------------------------<br />\r\n<br />\r\n<strong>3. SRIWIJAYA &amp; NAM AIR</strong><br />\r\nTerminal 2F<br />\r\n<br />\r\n--------------------------------------------------------------------------------------------------------------------<br />\r\n<br />\r\n<strong>4. GARUDA INDONESIA</strong><br />\r\nDomestik: Terminal 3 Ultimate gate 5<br />\r\nInternasional: Terminal 3 Ultimate gate 1 - 3<br />\r\nSurabaya di Terminal 2<br />\r\n<br />\r\n--------------------------------------------------------------------------------------------------------------------<br />\r\n<br />\r\n<strong>5. AIRASIA</strong><br />\r\n- Jakarta<br />\r\nDomestik: Terminal 2F<br />\r\nInternasional: Check-in 2F, boarding 2E<br />\r\n- Surabaya<br />\r\nDomestik &amp; Internasional: Terminal 2<br />\r\n<br />\r\n<br />\r\n<u>Catatan:</u><br />\r\n- Data terminal sewaktu-waktu bisa berubah.<br />\r\n- Informasi terminal ini adalah terminal di bandara CGK<br />\r\n&nbsp;', 5, '25,26,36', 1, '2017-12-14 14:18:45', NULL, 1),
(34, 'nomor-panggilan-cepat-kantor', 'Nomor Panggilan Cepat (Kantor)', '<h3><span style="color:#3498db"><u><strong>Panggilan Cepat diawali Tanda Bintang *</strong></u></span></h3>\r\n00 Indra Flexi<br />\r\n01 Indra HP<br />\r\n02 Indra XL<br />\r\n03 Rumah<br />\r\n11 Garuda<br />\r\n12 Sriwijaya<br />\r\n13 Batavia<br />\r\n14 Lion Air<br />\r\n15 Citilink<br />\r\n17 Trigana<br />\r\n18 Kalstar<br />\r\n21 Hotel 1<br />\r\n22 Hotel 2<br />\r\n23 Hotel 3<br />\r\n24 Hotel 4<br />\r\n25 Hotel 5<br />\r\n26 Hotel 6<br />\r\n27 Hotel 7<br />\r\n28 Hotel 8<br />\r\n31 MD<br />\r\n<br />\r\nContoh:<br />\r\nJika mau menelepon Lion ketik tanda bintang di telepon lalu 14, menjadi *14.<br />\r\n&nbsp;', 5, '23,29', 1, '2017-12-14 14:55:47', NULL, 1),
(35, 'ketentuan-booking-hotel-updated', 'KETENTUAN BOOKING HOTEL [UPDATED]', '<h3><span style="color:#3498db"><u><strong>KETENTUAN BOOKING HOTEL [UPDATED]</strong></u></span></h3>\r\n<br />\r\n<strong>1. <u>Kaha (KH / 21)</u></strong><br />\r\n- Karunia dapat komisi 10,000 dari KH<br />\r\n- Harga agent adalah harga web<br />\r\n- NTA adalah harga yang tercantum di web dikurangi 10,000<br />\r\n- Harga yang ditampilkan tidak online, jadi belum pasti tersedia<br />\r\n- Perhatikan jenis BF / sarapan single (1 orang) dan double (2 orang)<br />\r\n- Issued pakai saldo<br />\r\n- Dilarang mengisi nomor HP tamu, harap isi nomor Karunia<br />\r\n<br />\r\n<em><strong>Login KH</strong></em><br />\r\nagent.kaha-wholesaler.com<br />\r\nUsername: KARUNIAS0375<br />\r\nPassword: Karunia123<br />\r\n<br />\r\n<em><strong>Login KH Area Malang dan Topup</strong></em><br />\r\nagent.kahatravel.com/login<br />\r\nAgent ID: S0375<br />\r\nUsername: KARUNIA<br />\r\nPassword: Karunia123<br />\r\n<br />\r\n-------------------------------------------------------------------------------------------<br />\r\n<br />\r\n<strong>2. <u>Mandira (MD)</u></strong><br />\r\n- Harga agent adalah harga web ditambah 10,000 / room / night<br />\r\n- NTA adalah harga yang tercantum di web<br />\r\n- Tidak ada komisi ke agent<br />\r\n- Issued pakai saldo<br />\r\n<br />\r\n<em><strong>Login MD</strong></em><br />\r\nwww.mandiratravel.com<br />\r\nAgen ID: karuniasby<br />\r\nUsername: kalibutuh1<br />\r\nPass: kalibutuh1<br />\r\n<br />\r\n-------------------------------------------------------------------------------------------<br />\r\n<br />\r\n<strong>3. <u>Agoda (AG)</u></strong><br />\r\n- Harga di awal belum lain-lain, silahkan tambah 21 % dari harga awal<br />\r\n- Komisi agent 3% dari basic<br />\r\n- NTA adalah harga yang dibayar Karunia ke Agoda<br />\r\n- Jika tidak ada promo / komisi, ditambah 10.000 / room / night.<br />\r\n- Issued menggunakan CC BCA<br />\r\n- Jangan booking kamar dengan keterangan: Pay at hotel, tax receipt available, book without credit card.<br />\r\n<br />\r\n<em><strong>Login AG</strong></em><br />\r\nwww.agoda.com/bca<br />\r\nEmail: indra@karuniatravel.com<br />\r\nPassword: Karunia1234<br />\r\n<br />\r\n-------------------------------------------------------------------------------------------<br />\r\n<br />\r\n<strong>4. <u>Bedsonline (BO)</u></strong><br />\r\n- Harga sudah harga hotel, tidak perlu ditambah lagi. Jika cek lebih dari 1 malam, harga yang muncul adalah harga total.<br />\r\n- Hindari CC ANZ karena kena charge<br />\r\n- Pilih payment agent jika warna hijau tamu langsung bayar di hotelnya<br />\r\n- Komisi agent 5% dari total harga, dibulatkan ke bawah<br />\r\n- NTA dikurangi 10% (harga yang tertera setelah issued)<br />\r\n- Issued menggunakan CC BCA<br />\r\n<br />\r\n<em><strong>Login BO</strong></em><br />\r\nwww.bedsonline.com/login<br />\r\nUser: igunawan<br />\r\nPassword: Gun6a<br />\r\n<br />\r\n-------------------------------------------------------------------------------------------<br />\r\n<br />\r\n<strong>5. MG Holiday / MG (Web Agent)</strong><br />\r\n- Harga yang tertera sudah harga agent<br />\r\n- NTA harga web dikurangi 20.000<br />\r\n- Agent dapat komisi 10,000 jika issued sendiri, jika issued di staff tidak dapat komisi.<br />\r\n- Hotel internasional dicek di MG Web<br />\r\n- Issued pakai saldo<br />\r\n<br />\r\n<em><strong>Login MG Web</strong></em><br />\r\nwww.mgholiday.com<br />\r\nAgent code : i822<br />\r\nUsername : ticketing<br />\r\nPass : Karunia1234<br />\r\n<br />\r\n-------------------------------------------------------------------------------------------<br />\r\n<br />\r\n<strong>6. <u>Expedia (EX)</u></strong><br />\r\n- Harga awal ditambah 21%, atau lanjutkan dan klik &quot;tampilkan komisi&quot; jika mau tau harga total.<br />\r\n- Komisi Agent: 2,7% dari total<br />\r\n- NTA: dikurangi 9%<br />\r\n- Issued menggunakan CC BCA<br />\r\n- Jika tidak bisa, gunakan CC BNI<br />\r\n<br />\r\n<strong><em>Login EX</em></strong><br />\r\nwww.expedia.co.id/TAAP-Info<br />\r\nE: info@karuniatravel.com<br />\r\nP: Karunia1234<br />\r\n<br />\r\n<br />\r\n<u>Keterangan:</u><br />\r\n- Data CC tetap ambil di Notepad<br />\r\n- Isi nomor HP penumpang dengan nomor kantor<br />\r\n<br />\r\n&nbsp;', 5, '30', 1, '2017-12-14 15:20:49', NULL, 1),
(36, 'topup-xpress-air', 'Cara Topup Xpress Air', '<h2><span style="color:#3498db"><u><strong>Cara Topup Express Air</strong></u></span></h2>\r\n1. Login internet banking Mandiri<br />\r\n2. Masuk menu BAYAR<br />\r\n3. Masuk menu MULTI PAYMENT<br />\r\n4. Pilih Dari Rekening xxx5979<br />\r\n5. Centang Penyedia Jasa dan pilih XPRESS AIR<br />\r\n6. Isi Kode Agent: 15682<br />\r\n7. Nominal di isi sesuai nominal yang akan di topup (minimal 2juta)<br />\r\n8. Lanjutkan dan Centang Nominal Lanjutkan lagi.<br />\r\n9. Proses input token<br />\r\n10. Selesai<br />\r\n<br />\r\n---------------------------------------------------------------------------------------------------\r\n<h3><strong>Alternatif Topup Express (jika Topup Mandiri gangguan)</strong></h3>\r\nJika Topup otomatis di Bank Mandiri gangguan, silahkan transfer ke:<br />\r\n<br />\r\nBCA 6070444419<br />\r\nPT. Travel Express Aviation Services<br />\r\n<br />\r\nTuliskan nomor sign in master anda / Kode booking di kolom BERITA.<br />\r\nEmailkan ke: topup@expressair.co.id<br />\r\nCC ke: surabaya1@karuniatravel.com<br />\r\n<br />\r\n&nbsp;\r\n<div style="text-align:center"><strong>- PELAJARI | PAHAMI | PRAKTEKAN -</strong></div>\r\n', 4, '15', 1, '2017-12-14 16:51:19', NULL, 1),
(37, 'tes', 'tes', '<h2><strong>Cara Topup Express Air</strong></h2>\r\n1. Login internet banking Mandiri<br />\r\n2. Masuk menu BAYAR<br />\r\n3. Masuk menu MULTI PAYMENT<br />\r\n4. Pilih Dari Rekening xxx5979<br />\r\n5. Centang Penyedia Jasa dan pilih XPRESS AIR<br />\r\n6. Isi Kode Agent: 15682<br />\r\n7. Nominal di isi sesuai nominal yang akan di topup (minimal 2juta)<br />\r\n8. Lanjutkan dan Centang Nominal Lanjutkan lagi.<br />\r\n9. Proses input token<br />\r\n10. Selesai<br />\r\n&nbsp;', 6, '35', 2, '2017-12-15 14:03:20', NULL, 0),
(38, 'tes-lagi', 'tes lagi', '<h3><span style="color:#3498db"><strong>KETENTUAN BOOKING HOTEL [UPDATED]</strong></span></h3>\r\n<br />\r\n<strong>1. <u>Kaha (KH / 21)</u></strong><br />\r\n- Karunia dapat komisi 10,000 dari KH<br />\r\n- Harga agent adalah harga web<br />\r\n- NTA adalah harga yang tercantum di web dikurangi 10,000<br />\r\n- Harga yang ditampilkan tidak online, jadi belum pasti tersedia<br />\r\n- Perhatikan jenis BF / sarapan single (1 orang) dan double (2 orang)<br />\r\n- Issued pakai saldo<br />\r\n- Dilarang mengisi nomor HP tamu, harap isi nomor Karunia<br />\r\n<br />\r\n<em><strong>Login KH</strong></em><br />\r\nagent.kaha-wholesaler.com<br />\r\nUsername: KARUNIAS0375<br />\r\nPassword: Karunia123<br />\r\n<br />\r\n<em><strong>Login KH Area Malang dan Topup</strong></em><br />\r\nagent.kahatravel.com/login<br />\r\nAgent ID: S0375<br />\r\nUsername: KARUNIA<br />\r\nPassword: Karunia123<br />\r\n&nbsp;', 6, '35', 1, '2017-12-15 14:39:03', NULL, 0),
(39, 'cara-transfer-va-mandiri', 'Cara Transfer VA Mandiri', '<h2><span style="color:#3498db"><u><strong>Cara Transfer VA Mandiri</strong></u></span></h2>\r\n1. Login ke Mandiri<br />\r\n2. Masuk ke menu BAYAR<br />\r\n3. Pilih MULTI PAYMENT<br />\r\n4. Di Penyedia Jasa pilih MCASH<br />\r\n5. Isi Nomor VA dari anak pulsa<br />\r\n6. Masukan nominal<br />\r\n7. Lanjutkan dan cek kembali datanya<br />\r\n8. Input Appli1 dan proses<br />\r\n9. SELESAI<br />\r\n<br />\r\n<br />\r\n<u>Catatan:</u><br />\r\nVA = Virtual Account<br />\r\n<br />\r\n&nbsp;\r\n<div style="text-align:center"><strong>- PELAJARI | PAHAMI | PRAKTEKAN -</strong></div>\r\n', 4, '31', 1, '2017-12-15 15:53:55', NULL, 1),
(40, 'cara-membuat-pin-transaksi', 'Cara Membuat PIN Transaksi', '<h2><span style="color:#3498db"><u><strong>Cara Membuat PIN Transaksi</strong></u></span></h2>\r\nPIN Transaksi merupakan keamanan Anda dalam bertransaksi. Berisi 8 digit angka/huruf/kombinasi. Setiap transaksi melalui website dan aplikasi akan diminta kombinasi PIN Anda sesuai request.<br />\r\n<br />\r\nMisal PIN Anda adalah Sukses88. Saat diminta Pin ke 3 dan ke 7 maka temukan angka atau huruf di urutan ke 3 dan 7, dalam contoh ini huruf K dan angka 8. Permintaan Pin akan berubah terus menerus setiap Anda akan bertransaksi. (Khusus transaksi di Aplikasi harus memasukan semua PIN)<br />\r\n<br />\r\nJika belum memiliki PIN Transaksi, Anda bisa membuatnya di <a href="http://agent.karuniatravel.co.id"><span style="color:#2980b9">http://agent.karuniatravel.co.id</span></a>.<br />\r\n1. Klik menu PROFILE<br />\r\n2. Masuk ke Pin Transaksi dan klik Setel Ulang Pin.<br />\r\n3. Kemudian masukan tanggal lahir Anda<br />\r\n4. Input OTP yang terkirim ke email Anda.<br />\r\n5. Lanjutkan<br />\r\n<br />\r\n<br />\r\n<u>Catatan:</u><br />\r\n- Pandu Agent hingga bisa membuat PIN Transaksi<br />\r\n- Email adalah email agent yang digunakan saat pertama kali mendaftar<br />\r\n<br />\r\n&nbsp;\r\n<div style="text-align:center"><strong>- PELAJARI | PAHAMI | PRAKTEKAN -</strong></div>\r\n', 4, '37', 1, '2017-12-19 12:23:17', NULL, 1),
(41, 'cara-membuat-cek-bni', 'Cara Membuat Cek BNI', '<h2><span style="font-size:20px"><span style="color:#3498db"><u><strong>Cara membuat Cek BNI</strong></u></span></span></h2>\r\n1. Prosesnya transfer seperti biasa.<br />\r\n2. Transfernya ke rekening 0184522540 atas nama Indra Gunawan Soetanto (Rekening nomor 2 dari bawah) yang telah diberi nama <strong>CHECK BNI</strong>. Dana adalah gabungan dari semua rekening BNI.<br />\r\n3. Tulis di kertas cek BNI. Isi tanggal. Contoh: Sby, 23-09-2018. Kemudian isi nominal disertai pengucapannya. Contoh: 10,100,000. Pengucapan: Sepuluh Juta Seratus Ribu Rupiah.<br />\r\n4. Tulis dengan benar dan jangan ada coretan.<br />\r\n5. Biasanya penulisan check juga bisa dilakukan oleh Ryan di banknya.<br />\r\n<br />\r\n<br />\r\n<u>Catatan:</u><br />\r\n- Jika kurang dari 10 juta tidak perlu membuat cek. Tarik di ATM (Pakai rekening Travel).<br />\r\n- Pembuatan check dilakukan jam 13.00 WIB (Jam 1 siang) dan diberikan ke Ryan.<br />\r\n- Kalau ada dana di rekening BNI check, pindah ke rekening Travel yang paling bawah.<br />\r\n- Informasikan saldo bank ke Zuhri atau Agung sebelum melakukan penarikan dan penyetoran<br />\r\n- Jika tidak ambil check, pastikan dana dipindah ke rekening BNI Travel yang paling bawah.<br />\r\n<br />\r\n&nbsp;\r\n<div style="text-align:center"><strong>- PELAJARI | PAHAMI | PRAKTEKAN -</strong></div>\r\n', 4, '31,38,39', 1, '2017-12-19 12:32:33', NULL, 1);
INSERT INTO `post` (`id_post`, `slug`, `judul`, `isi`, `kategori_id`, `tag_id`, `user_id`, `tgl`, `divisi_id`, `status`) VALUES
(42, 'sistem-jaringan-internet-karunia', 'Sistem Jaringan Internet Karunia', '<strong><span style="background-color:#3498db"><span style="color:#ffffff">JARINGAN INTERNET KARUNIA</span> </span></strong><br />\r\n<img src="data:image/png;base64,iVBORw0KGgoAAAANSUhEUgAAA/YAAAKGCAIAAABvL5d2AAAgAElEQVR4nO3dMZLryp4faGAXktkiN9Br0ESAu3hGW6CrDbx2RoUdjAy5RMjS80bjEgsYLYB0x+1eAXKMPJUXBbLqoIogkcD5vrhxg0QBIE4m+M8fwSRZBAAAYEOKpQ8AAACYk4gPAACbIuIDAMCmiPgAALApIj4AAGyKiA8AAJsi4gMAwKaI+AAAsCkiPgAAbIqIDwAAmyLiAwDApoj4AACwKSI+AABsiogPzKlkE5Y+jwB4iIgPzKlgE5Y+jwB4iDoOzCllxJ41W/o8AuAhIj4wJ5eB185EHYANMAwDcxLx1073AWyAOg7MScRfO90HsAHqODAnEX/tdB/ABqjjwJxyjvhN05Rleb1er9drnHF+vV5DCG3bxtujL47c7/fh49eANk0zWq1t2xBC13XDKezxgYbLo//xP/7H6CEOh8Ny7XFftt0HwHTqODCnzCN+URTX67XruqIoqqpqmiaE0LZtXB6/TGa321VVFW9fr9eiKN7e3tL3zMRtT6dT3/d1XccoH/dQVVVM/PGB0vLz+Zw2jzeKoqjrOs/vrsm2+wCYTh0H5rSiiN80zW63C4OIH1eLET/ejhE/vhKI4rYxytd1PYzyTdPEDUcRv+u60ZHEiP/0f/CPZNt9AEynjgNzWlHE77ouXnf/bcQf/uZr3DbejV//HwYvEna7Xdd1o4h/OydHxAfgqdRxYE7rivht28aU/3XEvztR53w+p8v5aQ9N09R1/cVEnUjEB+Cp1HFgTuuK+CGE3W7344k6ac3hHuJfTdQBYEHqODCn1UX8OIH+ZxE/7XAY8eu6jjsMIj4AC1HHgTmtLuKHm1A7jPjxr8MvzRxG/HR7GPHjq4L4Qd7hxP2yLIePKOID8DzqODCnnCN+CCFNiB/OjB9NlL97d7hw9Nevd3i7+e1DZCXn7gNgInUcmFPmEZ/f0n0AG6COA3MS8ddO9wFsgDoOzEnEXzvdB7AB6jgwJxF/7XQfwAao469Twh8gRfylD4Qf0n2QiZQcls4vrJKI/zpFUfQAABOEEPq+964aP+O8eZ34LF32kgAAsAoxM4j4/Izz5nXis9S1fADgt4LPxvAA583rpIi/9IEAACsg4vNjzpvXEfEBgOlEfH7MefM6Ij4AMJ2Iz485b15HxAcAphPx+THnzeuI+ADAdCI+P+a8eZ0MI/7SXwi2Skt3Gj+x9FmzPkv3GD+Uum/Z82fVlu7DD0R8fsx58zoZRvyC71u60/iJpc+a9Vm6x/ih1H3Lnj+rtnQffpDhIbEWzpvXKTKO+Et/+e8K5Fn9mcipPp3zfNVS9y19Hq1PnkU+w0NiLZw3r5NzxF/6QFZAW62a7ptOQ62a7vuxPKtEhofEWjhvXkfEXzVttWq6bzoNtWq678fyrBIZHhJr4bx5HRE/GX6wqW3buHC/35dl2XVdCKFt2/1+H0JomiateTweD4fDcNvj8fiyY86z+jOR7ptOQ63ak7qvbduyLK/Xa7xxOBzi8v1+H2v4Z1U9Vul0Y3T7eDymrWLx77pueDe8jwJxRIiPHqVjmEueVSLDQ2ItnDevI+IPH/ft7a3v+/P5nMaD3W5XVVVVVSGEtm13u10IoWma4mb+dFwt3n7lMSu166X7ptNQq/a8iF8URYz4u91ut9vFCL7b7WIB/6yq13U9vDG8fTweU3l/e3uLLyG6riuKYrR+lA7jcrk8o/7nWSUyPCTWwnnzOiL+8HGbpom3U6yPQ8VwFAnvEX+0edrkxces1K6X7ptOQ63aayJ+0zQpu6eIf7eqfxHx46uCuPB6vRZF0bZtjPip8qe7w4h/vV5n/weGXKtEhofEWjhvXkfEHz5uGgzquh5G/Le3t7quRxF/9L6tiM936b7pNNSqvSbixwe6Xq93I/6wqqeInyp5URQp4qdN0t2Y6WPi77quruu6rkcRfzQdaC55VokMD4m1cN68jog/fNzPruLHv96dqJM2F/H5Lt03nYZatZdF/Le3t5i8p1/Fj5V8eBU/bTK6in+9Xquqqus6Bv1RxI8TdWb/N+ZZJTI8JNbCefM6Iv7wcWNlj9U8zdqMN97e3tLMSxN1mIXum05DrdrLIn4IoSzL24g/qupfTNSpqir9lOxoZk58oPRvMVFn6aNglZw3ryPiDx83fSvC6XSKC9NQEVe4naiTvoRBxOe7Fum+4eyyEMLxeBx+B1T85pDh+unLSaKmaWb/zpApnOer9sqI//b2ltL8Z1X9i4gfr+inrS6XSxhE/LjPuObdiTq+UQe+5rx5HRE/GX49znDhaIXPVn7xd+lEeVZ/Jlqk+0Zn6e15+/Xdu0tewHm+as/rvmEFvrvwblWPdz8r4F+PBaM1v9hkFnkW+QwPibVw3ryOiL9q2mrVdN90GmrVdN+P5VklMjwk1sJ58zoi/qppq1XTfdNpqFXTfT+WZ5XI8JBYC+fN64j4q6atVk33TaehVk33/VieVSLDQ2ItnDevk3PEL/mdPKs/EznVp3Oer1rqvqXPo/XJs8hneEishfPmdXKO+Ey3dKfxE0ufNeuzdI/xQ6n7lj1/Vm3pPvwgw0NiLZw3r1OI+JuwdKfxE0ufNeuzdI/xQ6n7lj1/Vm3pPvwgw0NiLZw3r1PkF/F7vm/pTuMnlj5r1mfpHuOHUvcte/6s2tJ9+IGIz485b14nw4gPAGRLxOfHnDevI+IDANOJ+PyY8+Z1RHwAYDoRnx9z3ryOiA8ATCfi82POm9dJEX/pL/8FAHIXRHwe4Lx5nfgsXfqrAgCAFYiZQcTnZ5w3r+P6PTAS/Aop8IlYH0R8fsZ58zpLXw4A8pIm7y19IECOwuCHDuC7RHyAZfgIPgBPYmgBWIaID8CTGFoAliHiA/AkhhaAZYj4ADyJoQVgGSI+AE9iaAFYhogPwJMYWgCWIeID8CSGFoBliPgAPImhBWAZIj4AT2JoAViGiA/AkxhaAJYh4gPwJIYWgGWI+AA8iaEFYBkiPgBPYmgBWIaID8CTGFoAliHiA/AkhhaAZYj4ADyJoQVgGSI+AE9iaAFYhogPwJMYWgCWIeID8CSGFoBliPgAPImhBWAZIj4AT2JoAViGiA/AkxhaAJYh4gPwJIYWgGWI+AA8iaEFYBkiPgBPYmgBWIaID8CTGFoAliHiA/AkhhZg+8ospYi/9IH8JbXV0j0GwENEfGD7iqLosxRCWPoQPojH440FgLVTx4Hti5l12QvkaxHMHQJYP3Uc2L40JWbpq+S58/EAgG1Qx4Htk1wn0lAA26COA9snuU6koQC2QR0Htk9ynUhDAWyDOg5sn+Q6kYYC2AZ1HNg+yXUiDQWwDeo4sH2S60QaCmAb1HFg+yTXiTQUwDao48D2Sa4TaSiAbVDHge2TXCfSUADboI4D2/eM5Np1XVmWZVl2XReXNE1TluV+v0+3hzfi+m3btm1bvosrR/v9Pi0PIVyv1/Kjruv2+/3xeIwrxxvH4zGuPwsRH2Ab1HFg+54U8Yui2O12dV3HJbt3IYSmaeLDpRv7/T6u2bZtURSXy+VyuRRF0bZt/GtVVX3f931fVVWM/n3fx3VOp1Pf9/Eh4k7ijXgM5/N5rn+UiA+wDeo4sH3Pi/gpwae7dyP+8Xjc7XYxpseIf71er9drjPijpJ5WCCGkdeKfRhG/LMu3t7cZ/1EiPsA2qOPA9j0v4scI3nVdXdd1XX8W8WP6jxvGBB/n3pxOp7SrNOFnePeLiB93G18JzEXEB9gGdRzYvqdG/Kqq6rqOofyziH86ndKs/TRRp67ruPIo4k+/ip+m9MxFxAfYBnUc2L6nRvyYyFOg/2wuforjtxN14rFVVRX3XFVVuv11xI8z9dP7A48T8QG2QR0Htu+pET/uOSbvLyJ+iuPDi/Qpzce/xtk7adZ++F3EDyG8vb2VZTnXdB0RH2Ab1HFg+56UXFMQj9+Ec7twyo3R7eGS0crD9e8+4uNEfIBtUMeB7ZNcJ9JQANugjgPbJ7lOpKEAtkEdB7ZPcp1IQwFsgzoObJ/kOpGGAtgGdRzYPsl1Ig0FsA3qOLB9kutEGgpgG9RxYPsk14k0FMA2qOPA9kmuE2kogG1Qx4Htk1wn0lAA26COA9snuU6koQC2QR0Hti8l15IvifgA26COA9sXM2vPBEHEB1g/dRzYvmyv34cQlj6ED+LxiPgAa6eOA9u39JXx+9KsmKUP5C+prZbuMQAeIuIDLMPEdwCexNACsAwRH4AnMbQALEPEB+BJDC0AyxDxAXgSQwvAMkR8AJ7E0AKwDBEfgCcxtAAsQ8QH4EkMLQDLEPEBeBJDC8AyRHwAnsTQArAMER+AJzG0ACxDxAfgSQwtAMsQ8QF4EkMLwDJEfACexNACsAwRH4AnMbQALEPEB+BJDC0AyxDxAXgSQwvAMkR8AJ7E0AKwDBEfgCcxtAAsQ8QH4EkMLQDLEPEBeBJDC8AyRHwAnsTQArAMER+AJzG0ACxDxAfgSQwtAMsQ8QF4EkMLwDJEfACexNACsAwRH4AnMbQALEPEB+BJDC3A9pVZShF/6QP5S2qrpXsMgIeI+MD2FUXRZymEsPQhfBCPxxsLAGunjgPbFzPrshfI1yKYOwSwfuo4sH1pSszSV8lz5+MBANugjgPbJ7lOpKEAtkEdB7ZPcp1IQwFsgzoObJ/kOpGGAtgGdRzYPsl1Ig0FsA3qOLB9kutEGgpgG9RxYPsk14k0FMA2qOPA9kmuE2kogG1Qx4Htk1wn0lAA26COA9s3Y3Ld7/fH43F0+3A4HA6HuLBpmvgbsfFGlDaJjsdj+lPTNCGEruvSkv1+P9w83o3ikuv1Gu8eDofRfh4k4gNsgzoObN+MyXW329V1PbpdVVVVVXFh0zTxgZqm2e12fd+fTqeiKFIuDyHUdV1VVd/3b29v8fVA13VFUZzP5/grs9frtSzL0+kU78atuq7b7XZVVaU0Hx93uJ8HifgA26COA9u3YMQPIbRtO3roGPGH68SI33Xd8Jjjn4ZbNU2TNhk+bnrQB4n4ANugjgPbN2/EL4oizo0piuLriJ/WTH+N6rpOf4p7iBF/OOXmfD7HJWkKUHwNcL1e03sCVVWlrdLF/keI+ADboI4D2zf7Vfw4f+azq/jxKnuaqNP3fVEUw7nyaaLO5XIpiqJt2+FEnbRamuTTdV18KyC9tIh7SxN1Rvv/MREfYBvUcWD7nj1RJ16VjwuHk2fSjJqY49NO0kSdeEm+67rRRJ2u69LHcOPyqqrSS4u6ruOe02OZiw/AkDoObN+zI37f91VVpUvs8Ur8jyfqxK/QSTt8e3sLH18kDHP/8KXC8FXEz4j4ANugjgPbN2NyHX7Fze3t4ZLPFo6Wf7aH27+O9nB7AI//60R8gG1Qx4Htk1wn0lAA26COA9snuU6koQC2QR0Htk9ynUhDAWyDOg5sn+Q6kYYC2AZ1HNg+yXUiDQWwDeo4sH2S60QaCmAb1HFg+yTXiTQUwDao48D2PS+5Xq/X8qP4C7Vd16UfsYriX6/XawihaZrD4RCXt22btk2/XTXc7fF4TDs5HA7D1WYn4gNsgzoObN9Tk2vf95fLpSiK0+mUfn+qaZr4E7Yx8cdHr6oq/pZt0zTxV2mbpinL8nw+xx+xigvjy4O3t7e4sK7r+MIg7qSu69Fv5c5IxAfYBnUc2L5nJ9fr9VoUxfDi+m6367ouZfr46G3bxmNIEX+326UVwvsv1NZ1vdvtRgtDCG3bVlXVdV1RFCn0z0vEB9gGdRzYvhdH/JjCQwht26awHq/o13XdNE2K+EVRNE0T3qfxlGUZQqiqKv41TstJk3+qqoor73a7J83VEfEBtkEdB7bvxRE/TtGJ6TzN1Yk3rtfrbre7vYrf9/3b21s8wnQVv+/78/mcNhzu80lzdUR8gG1Qx4Hte3HET/Py+75PIT5l/Zjg01z8NOsm3g7vbwLEvcXbXdc1TbPb7eI+T6fTk+bqiPgA26COA9v3yog/miufgnuK+HHldBn+7e0tzdJJs3rO53NaGPc2nNYfBjN85iXiA2yDOg5s3wuSa/pQ7Oh2ujta4fbu1wtv//qEf4SID7AR6jiwfZLrRBoKYBvUcWD7JNeJNBTANqjjwPZJrhNpKIBtUMeB7ZNcJ9JQANugjgPbJ7lOpKEAtkEdB7ZPcp1IQwFsgzoObJ/kOpGGAtgGdRzYPsl1Ig0FsA3qOLB9kutEGgpgG9RxYPsk14k0FMA2qOPA9qXkWvIlER9gG9RxYPtiZu2ZIIj4AOunjgPbl+31+xDC0ofwQTweER9g7dRxYPuWvjJ+X5oVs/SB/CW11dI9BsBDRHyAZZj4DsCTGFoAliHiA/AkhhaAZYj4ADyJoQVgGSI+AE9iaAFYhogPwJMYWgCWIeID8CSGFoBliPgAPImhBWAZIj4AT2JoAViGiA/AkxhaAJYh4gPwJIYWgGWI+AA8iaEFYBkiPgBPYmgBWIaID8CTGFoAliHiA/AkhhaAZYj4ADyJoQVgGSI+AE9iaAFYhogPwJMYWgCWIeID8CSGFoBliPgAPImhBWAZIj4AT2JoAViGiA/AkxhaAJYh4gPwJIYWgGWI+AA8iaEFYBkiPgBPYmgBWIaID8CTGFoAliHiA/AkhhaAZYj4ADzJNoeWEiB7KeIvfSAAG7F0As3INiN+URQ9QPZCCEsfAsBGeFN0aJttEft46VeSAL+hUgHMIpj3+NE22yK9/b3060mAT6lUALPw0aZb22wLPQ3kT6UCmIVyemubbaGngfypVACzUE5vbbMt9DSQP5UKYBbK6a1ttoWeBvKnUgHMQjm9tc220NNA/lQqgFkop7e22RZ6GsifSgUwC+X01jbbQk8D+VOpAGahnN7aZlvoaSB/KhXALJTTW9tsCz0N5E+lApiFcnprm22hp4H8qVQAs1BOb22zLfQ0kD+VCmAWyumtbbaFngbyp1IBzEI5vfVoW5RZSj299IHcN0fHAd+w9JP+vgwrVWqrpXsMyNSyNeozGZbToUV66tGIXxRFn6UQwtKHcJ+XmPB6KtVE8XiUKeAzyul3LVVRZ4j4IdeXdBkK3kWCJahU0wVlCviccvotYbmKOk/Ez/YlXVZMFIOlqFQTKVPA15TT6ZatqLNF/DkOZuO0FSzFs28iDQV8TZWYTsT/U2grWIpn30QaCviaKjGdiP+p4/G43++HS9q2LcvycDjEu9frNU11iusfj8e4zmgiVPxrWZZN08S7XdeVZdl13XD/h8PhduFcPCtgKU999u33++PxOFxyt9qkanY4HJqmieskqazt9/thFWqapvz4bQypxI0edBbKFPC1ZYNfeP8YwPV6DSE0TXM4HH4c/OKS0f5nJOJ/qq7r3W43WlLXdVEUsWuv12tRFFVVxf6Lfw0h9H1/Op2KorhcLn3fx213u91wh13XFUUx7Onj8dg0zWjhjIydsJSnPvtibbldMqo2VVW1bRtCiCUrztSMq8Xb4b2mpVIWQohFKe35er3WdR03TJVwRsoU8LVlg1986KqqYpFsmqaqqvDT4FdVVdrwGdlPxP/UbU/HPt7tdjHTx+Gwbdu42nBcbNt2eEJ0Xbfb7eL6sRdve7rv+9uFMzJ2wlJeGfE/qzZt28ahKF2VCDdVrmmauq5j+UpLRocdR6+4XMQHXmzZ4BeXpCKZIn74afC73XBGIv6nRj2donzq0dhz1+s1Xh77IuKnP6XB9W6aF/Fhk14Z8T+rNnHNruu+iPi73S5e6U+F6DbiR2VZjt46mIUyBXxt2eAX3stjXddN03wR8acEvzTD53Q6PeOfI+J/atTTVVUV779bFnsxRfzz+Rzftfks4hdFEbctiiLuU8SHP8crI/5n1SaEcDqd6rr+LOLH1VKJS29D3x724XCI03tm/7coU8DXlg1+4T3ip0v7n0X8icGv7/vz+Tycsj8jEf9Tw56Oaf58PqevGm2aJkX8EEJVVcOBdtjT8Xbc8Hw+xw4W8eHP8bKI/0W1SSsP33EeVrmY/uO2b29v6W3o0WEfDof4EM/4tyhTwNeWDX5h8CZnXPluxJ8e/NIDifg32z+5p9Ort7///e/DR4n9Ooz4sQvvRvw4cKZt43h89+O28dWer6qAjXl2xE+V6otqE5fEz3XdjfjD6J8+aDSK+HFX6eFmH5OUKeBrywa/MIj46TtX4go/CH7pG3iGK89IxP/U7e+Ejf4U3j8qMVqY7n62/Hbb24eb/Z9j7ISl5FapblcI9yrSZ8uVKWApuZXTuYLfM/45Iv6fQlvBUjz7JtJQwNdUielE/D+FtoKlePZNpKGAr6kS06074se3NtLEKb4Q+/hJbwYBX1CpJlKmgK8pp9MtW1EfjfhlWYZ7c6e4K7UY8Eoq1XRBmQI+p5x+S1iuos4wUWfJ10efC4MPSmfFe1vweirVRPF4lCngM9mW02yteKJOhtLkp6UP5L45Og74hqWf9PdlWKnCzTdRAAwtW6NWapGe2ualGp8FAfKnUgHwJNscWgycQP5UKgCeZJtDi4ETyJ9KBcCTbHNoMXAC+VOpAHiSbQ4tBk4gfyoVAE+yzaHFwAnkT6UC4Em2ObQYOIH8qVQAPMk2hxYDJ5A/lQqAJ9nm0GLgBPKnUgHwJNscWgycQP5UKgCeZJtDi4ETyJ9KBcCTbHNoMXAC+VOpAHiSbQ4tBk4gfyoVAE8yw9BS5qcoivT/3Dze4Ju3dBfBi6SIv/SBADlKA+LSwzKrNEPEL/iOxxt884qi6OHPEEJY+hCATMX6IDnwM7NF/KWfCCsg4k8UW2nZaycAsKw4FEoO/MxsEf/x/WyehpqoeJ+9sPSLMgBYTJAceICI/zoaaqLCZxABQHLgAblE/P1+fzwe0930LtX1eg0hdF0X7w7XGa7cNE262zRNXDkubNs23t3v97/ddrSTL47wBzxRJxLxASBIDjwgi4i/3+9Pp1Nd1/Hu8Xg8nU5936eFVVXFN612u10M/UlZlqfTKcX0rut2u116hyuEkO5WVdV13RfbJk3TNE2z2+0+O8Kf8USdSMQHgCA58IAsIn7f913XpQBd13XbtiGE6/Uac/Ywr48ift/3bdummF7X9el0Gq5QVVXc2+1BjrYdGUb80RH+jCfqRCI+AATJgQdkEfFDCMMAnabllGU5zNmfhexRxE/bxmQfr/2XZXk+n7/edmT40F88+nSeqBOJ+AAQJAcekGPED+9fFH0+n6uqikuu1+t+v0+X84dGEf98Pvd9f7lcYkYvy/JyucSJOjH0f7btiIi/FBEfAILkwAMyjfhRVVUxf3dd91m+Dx9jepxGHzepqipN9Qkh1HV9m+ZF/AyJ+AAQJAcekEXE3+/38ccd4lfopK/ESZF6v98X77/xHhN5WZbxs7OjH4kYLrlcLmEwdSdG9uv1mr6oZ7Tt8XiM35kTDyA+Yny40REu1VB/CBEfAILkwAOyiPijH3oYLvlihdm3/dZOfsATdSIRHwCC5MADsoj4fwgNNZGIDwBBcuABIv7raKiJRHwACJIDDxDxX0dDTSTiA0CQHHiAiP86Gmqi9NGIpQ8EAJb04IcA+ZPNFvFLfifPiL90q6zM0t0FwFMsPbysz9I9xm/MkDh7vuPxBp9XfOGxdKusxtLdBcBTGA2/a+ke4zeyu6g8i/ji0kvMKfJ8byFDLloAbJjRcDoD4ips82z2ec3pFLWJNBTAhiny02mrVdhmD4n40333iRp/HvjHs/Gapok/GPyF4/HYtu3d5fERf/wDw49Q0QA27NlFfjR0fmsga9v2eDx+vc6U4XUuBsRV2GYPifjT/eCJGifh7Xa7H8zGm1KD6rq+jfjX67Wqqr7vL5fLy6rYkIoGsGHPLvKPDJ1t29Z1/fU6Ij4j2+whEX+6Hz9Rd7tdut00TbwsEetL27aHwyEuadt2+KemaaqqSn+Km+/3++GSGPHj2wXD6xxFUXRdl+6mPcdrG13XxQc9Ho/7/T5umK58pOOJezgej3HJcIdPaigA8veaIv+zobNt2zR0phw/GjpTxP/W0PYzBsRV2GYPifjTPR7xr9druiyx2+2u12vbtnHJ+Xwuy/JyuVwul7h+jPjxYnxccjwem6aJS+K0n7quY+EbXefo+374/mZcoe/7qqq6ruu6Ln0ZQqp08U/x+kd8iP1+Hx8iLnlBQwGQvxdH/G8NnelPcRwM94bOOPDFDZ/9rzAgrsI2e0jEn+7xiB+zdQzf8UJ7eksxzq4Zrj98JzEuqaoqXaqPS+q6Lsvy7puSsfbFi/TDB23btuu69FixdMb/xwcdrhw+mQv0NRUNYMNeHPG/NXQOJ+rEQfN26Iz5Pm34VAbEVdhmD4n4081yFT9emE/zC7+O+OlPKdDHtD1ccjqdRim8bdvRaumSRnzQYcQPIVRVlV5OtG379vY2XFnEB2Do9Vfxpw+dcaJOOs5wb+hsmubt7e01M/INiKuwzR4S8aebdy5+fLvw64ifJhSez+cwmH6TlsTKFd+7HAbx3W43XO10Og2/mmAU8eNExnSRIz3o4XAIIj4AHy04F/+3Q+dwLv7pdAr3hs7hDNVnp3wD4ipss4dE/Ol+/ES9nSg//JaAr2+Mvk/gt9t+d8Pbu/3A7ZpTqGgAG/aaIv+8ofOzh3gGA+IqbLOHRPzpPFEn0lAAG6bIT6etVmGbPSTiT+eJOpGGAtgwRX46bbUK2+whEX86T9SJNBTAhiny02mrVZihh8r8xC+iSl9HlZXHG3xe8Ym6dKusgIoGsGFGw+kMiKswQw8VfMfjDT6vpdtjZZbuLgCeYunhZX2W7jF+Y7aI3/M7eT4llm6VO+LplOdJtXR3AfAUSw8v9+UcsZbuMX5jtoj/+H42T0NNVPgoBQBIDjxAxH8dDTWRiA8AQXLgAblE/P1+fzwe0930kY7466Rd18W7w3WGKw9/yC39XFxcGH/ltCzL/X7/221HO0l3j8dj3EnXdT/+N3qiTiTiA0CQHHhAFhF/v9+fTqf4u80hhOPxeDkT0N4AACAASURBVDqd+r5PC6uqihO/drtdDP1JWZan0ynF9K7rdrvdcJZYultV1Sigj7ZN4q9Ap1+Zvl6vdV33fX8+n9NvSv+AJ+pEIj4ABMmBB2QR8fu+77ouRfy6rtu2DSFcr9eYs4d5fRTx+75v2zbF9LquT6fTcIWqquLebg9ytO1IivjpALquE/FfQMQHgCA58IAsIn4IYRjx07ScsiyHOXu4ztAo4qdtY7KP1/7Lsjyfz19vOzJ86LTzuzuZyBN1IhEfAILkwANyjPjh/burhhNjrtfrfr+/+yVNo4h/Pp/7vr9cLjGjl2V5uVziRJ0Y+j/bdmQU8ePsnZ/++0LwRJ1MxAeAIDnwgEwjflRVVUzVXdd9lu/Dx5iegnicVJOm+oQQ6rq+zegTI/7xeHww3wdP1MlEfAAIkgMPyCLi7/f7+HvI8St00lfipNC/3++L95+VjlE7fbnN8BeV48rp7uVyCYOpOzGyX6/X9EU9o22Px2P8xp54APERm6bpuq4Y/Kj16MMAr2yoP4SIDwBBcuABWUT82x9L++zucMns235rJz/giTqRiA8AQXLgAVlE/D+EhppIxAeAIDnwABH/dTTURCI+AATJgQeI+K+joSYS8QEgSA48YLaIX/I7nqgT5Rnxlz591mfpHgNYvTyTw9LDy8os1U0znDd9foqiSP/PzeMNvnl5RvxYZ5c+fdYhzzEJYHXyLKcGxImW7b7szptZ5JkRmSjP7suzzuZJWwHMIs9ymudRZUjEn1+eGZGJ8uw+FW06bQUwizzLaZ5HlSERf355ZkQmyrP7VLTptBXALPIsp3keVYZE/PnlmRGZKM/uU9Gm01YAs8iznOZ5VBkS8eeXZ0Zkojy7T0WbTlsBzCLPcprnUWVIxJ9fnhmRifLsPhVtOm0FMIs8y2meR5UhEX9+eWZEJsqz+1S06bQVwCzyLKd5HlWGRPz55ZkRmSjP7lPRptNWALPIs5zmeVQZEvHnl2dGZKI8u09Fm05bAcwiz3Ka51FlSMSfX54ZkYny7D4VbTptBTCLPMtpnkeVIRF/fnlmRCbKs/tmeaJ2XVeWZdd18W7btmVZlmV5OBzikuPxGJekdZK48vV6TUv2+31cOS48HA7xbtM0v9327sOl47l7ANOp/gCzyLOczntUw2ErjpJlWe73+7gkDUy3Q9v1ei3Lsm3btCSNg3EIa5pmNMgmo+F4dDzR4/80EX9+eWZEJsqz+x5/onZdV1VVXdepppRl2fd93/dVVXVdd71e67ru+/58PldVNdy2bdu6rquqSjH9eDw2TRM3jzuP214ul91u9/W20e3DxTXTPn8szzEJYHXyLKczHlVZlqfTKcX3/X5/uVz6vq/rOmb3qqriqDTK3Nfrdb/fv729pYjfNM1oCNvtdvHubrcbjoC3w3FyOBxOp9Pj42Ak4s8vz4zIRPF5VRRFmZNZnqixbKWaknbYNE0scCmvjyJ+/NMwpo8O5nq9xiUxpn+97aip08Pd3fYH8hyTAFan7/tYTpceAz+Yscj3fd+2bYr4KYun8ShF7dtH7Pu+aZoU8Uc5Pi6Jl89GV77CzXAc3V3zEauP+EufaXfEdJhbRoweb/DNi63UZ2auJ+qwptR1nU6M4VuQdV2fz+fbbUcRf3RSnc/nsizjRYuvt709pPhwbdum3X628hQiPsAsyrKMJX3pMfCDeYv8MOKnqTVlWQ4vObVt+/b2drvtKOKnbeMQ1vd9vHu5XG63vRvx0yCYZgo9YvURv+A7Hm/wzSvyu2JRznfRYlhTUrlM70iGwRX9W8OYnt5/fHt7izUuvpt5uVzKe68kP4v4o4eL+zydTo9czneqA8yiKIpY0pceAz+Yt8gPI354H4bi0BaX3H1nOxpF/OEQFmfqxyX7/f52Ts7diJ/mBQ3H5R9bdjScLeI//TXj+sk9ExXv86yW7rEPnhHxo3jZIObvOMP+s21HET/ejmVomNTT3j7bNvns4eKMxu/9wwac6gCzSOV06THwg6dG/KgcfA9EjN13tx1G/PiptvB+6Wr4wqCqqtu8fncufvp3pb09YiMR//H9bJ6GmqjI8qMUj3df/Px+vCQTP92fvhInzpPpuq4YTL+5Xq9t28b3CuNXCsS/Ho/HEMLpdIqrpRKWNozvZjZNEx/ldttYOm8fLn3BzmezfV7WVgCEXMvpjEc1fHMgDL4S53Q6pRXSUNW2bRxJw/vX6URxoIyzVeMQFretqmo4UKYh9e5wHF8DvL29xU028Mk0Ef91NNREW4344eNlmOHdz1YIg08a3f3TF3e/2PaL5bc7+QGnOsAs8iynMx7Va4bF32579xEf/9eJ+CGEsN/v4/XFaHhlMQy+J3W4znDl4Vs86bMacWH6RtW7n5wo733TatpJvD18pejLwl9gwxH/D6GtAGaRZznN86gyJOKH/X4//Hjf8XiMX0qaFqZPP9x+I1L58RtVu65Ln7eIS9Ld22lVo22TOItr+MVJcQ+331b+LZ4SE4n4a6etAGaRZznN86gyJOKHvu/jD/fEu+lTzOkLSod5fRTx+4/fqFrXdZq/FaXPWNwe5GjbkdvvRn3wW8M9JSYS8ddOWwHMIs9ymudRZUjED+H9tznT7TQxZpizh+sMjSJ+2jYm+3jtP32i8YttR4YPHT+G6DOIryHir522AphFnuU0z6PKkIgfwk18v50YE3+p+G7CHkX88/nc9/3lcokZvSzL+GPId78yaWLEj8fz2TeOT+QpMZGIv3baCmAWeZbTPI8qQyJ+CJ9coa+qKubvrus+y/fh5nfR0ibxi8BTUq/r+jbNf2uiTngsd3pKTCTir522AphFnuU0z6PKkIj/69vBi6KIX6GTvhInhf79fl+8fytqTOTpy21G36g6XBJ/rzhN3YmRPX49TpzQP9r2eDzGb+yJBxAfMf56QlptNNH/xQ31hxDx105bAcwiz3Ka51FlSMSf85tNH9l2yk4e+Wd6Skwk4q+dtgKYRZ7lNM+jypCI/6fQUBOJ+GunrQBmkWc5zfOoMiTi/yk01EQi/tppK4BZ5FlO8zyqDIn4fwoNNZGIv3baCmAWeZbTPI8qQxuJ+CW/4ykxUc4Rf+mTaB2c6gCzyLOcGhAn2kjEZ6LHG3zziowjPtMt3WMAq5dnOV12cFmdxbrp8V30+SmKIv0/N483+OYVWUb8pU+c9Vm6xwBWb9mM+Jmlh5eVWaqbsjtvZpFnRmQi3QcAIdeIzyps87yREVdN9wFAEPF5wDbPGxlx1XQfAAQRnwds87yREVdN9wFAEPF5wDbPGxlx1XQfAAQRnwds87yREVdN9wFAEPF5wDbPGxlx1XQfAAQRnwds87yREVdN9wFAEPF5wDbPGxlx1XQfAAQRnwds87yREVdN9wFAEPF5wDbPGxlx1XQfAAQRnwds87yREVdN9wFAEPF5wDbPGxlx1XQfAAQRnwfMcN6U+SmKIv0/N483+OblGfGXPnHWZ+keA1i9PCP+0sPLyizVTTOcNwXf8XiDb16RZcRf+sRZn6V7DGD18iynyw4uq7NYN82wi6IoiqLnd5bt6RUpMo74S59E6+BUB5hFnuXUgDjRRiL+4/vZPA01Uc4Rf+mjWAdtBTCLPMtpnkeVIRE/hBD2+/3xeEx30wSm6/UaQui6Lt4drjNcuWmadLdpmrhyXNi2bby73+9/u+1oJ8Ml8Rjatv3pP9FTYioRf+20FcAs8iyneR5VhkT8sN/vT6dTXdfx7vF4PJ1Ofd+nhVVVxbc8drtdDP1JWZan0ynF9K7rdrtdXDkuSXerquq67ottk6ZpmqbZ7Xajg3x7exPxX0DEXzttBTCLPMtpnkeVIRE/9H3fdV2K+HVdxyR9vV5jzh7m9VHE7/u+bdsU0+u6Pp1OwxWqqop7uz3I0bYjw4h/PB7P53PTNCL+C4j4a6etAGaRZznN86gyJOKHEMIw4qdpOWVZDnP2cJ2hUcRP28Y4Hq/9l2V5Pp+/3nYkPXTXdXEdEf81RPy101YAs8iznOZ5VBkS8UO4ie9xas35fK6qKi65Xq/7/T5dzh8aRfzz+dz3/eVyiRm9LMvL5RIn6twG9CkRf/iy4ZHp+J4SE4n4a6etAGaRZznN86gyJOKH8MkV+qqqYv7uuu6zfB8+xvQ4jT5uUlVVmuoTQqjr+jbNT4n46cuP3t7eRrOAvsVTYiIRf+20FcAs8iyneR5VhkT8sN/vy/cfo71er+krcVLo3+/3xftP1cZEXpZl/Ozs7e+HpbuXyyUMrsHHyH69XtMX9Yy2PR6P8Rt74gHERxx9V4+JOi8g4q+dtgKYRZ7lNM+jypCI/9dl8nSd/rO7wyWzb/vFTmbhKTGRiL922gpgFnmW0zyPKkMi/p9CQ00k4q+dtgKYRZ7lNM+jypCI/6fQUBP9CRF/9Ntqx+NxOA8tvM9eG/3+2t1t49yz4Y+7pW1v55Udj8fb34BLPw939+F+wKkOMIs8y+kjR3U4HA6HQ7o7+qnTNKIN10lGP5OaBq+4cPh9jLfbTvyp0zSAxgMY7vMHU7VF/D+Fhppo8xF/9Ntq8aPhcWJYLDRt28Zff3t7exuVpNvfZdvv9/FbpOK8svgJ8tEXUkXH47Ft29FvukXpA+Wfffr8W5zqALPIs5z++KgOh0Pbtmlsuv2p07qu07cgjn6udPQzqfHFwHBadVVVcdv080pJOfmnTne7XdxJ3OdwgP7Bv3cjEb/kd/J8omYoRfyle+yD2btvFPHj7VFRS98QNWXbtCT+9XbbWKHuRvzotiz+jFMdYBapnC49Bn7w4yLf9/31ek3D1hc/dXob8fuPP5PaNM3b29twhfTFib/9mdSRUcQfbns7yH7LRiI+Ez3e4JsXW6nPzOzdN6opqW4Oi9pncXwY8Yv310Lpbc3T6VSW5WdV6e4+41uTd39a7gec6gCzKIqiH3wjSCYeKfLDiP/ZT50O1xkaRfy0bczufd9XVVWW5d3vN58e8eM+0+SfNMiOXnJMsexoOMMDL32mrczjDb55RX5XLMpnXsUPgyfR8PrB4XC4+5PM4WPEr+s6bhuveTRNE5ecz+fbaffhk4gf99C27d3pj98l4gPMIubLkNmYOFfED/d+6jT+Y+/mpVHEj5N8+vc5rmna6o9/ByncG47vHuFEq4/4MK/ifaLOU19rfddTI340nCgfS9Vvtx3+uFusR8P3Pe8e8BcTdR58RzIR8QFmkcrp0mPgBzNG/Cj91GmaYX9322HEb9s23k7jYDqkeKlrtO3EiJ8URTGcsTP8CMF0Ij58kCL+0gfywYxP1NFvq6UvEEh1rWma9M5gvBL/xe+ypR93G9bHKL5ZeTgc4p/i9/bEbdu2je+Qho9vd8YfjHuQiA8wizzL6Y+P6nA4pGEovu0ch56UyA+HQxr+4qhXvs+QGf1MahhMqolXxN7e3kaDafnJz6Q2TRPfsv5iOI4D6HB8/OyFxzMaahbZnTew+YgfPv+BttsV+t/9LtsX26a7d/d590+z/OvyHJMAVifPcvrjo7o7DN29Oxz+Jm57d29fbPv1AXy2z28R8eGDPyHib5u2AphFnuU0z6PKkIgPH4j4a6etAGaRZznN86gyJOLDByL+2mkrgFnkWU7zPKoMifjwgYi/dtoKYBZ5ltM8jypDIj58IOKvnbYCmEWe5TTPo8qQiA8fiPhrp60AZpFnOc3zqDIk4sMHIv7aaSuAWeRZTvM8qgyJ+PCBiL922gpgFnmW0zyPKkMiPnwg4q+dtgKYRZ7lNM+jypCIDx+I+GunrQBmkWc5zfOoMiTiwwci/tppK4BZ5FlO8zyqDIn48EHOEb9kAtUfYBZ5llMD4kQiPnyQZ8Tv+aalewxg9fKM+EsPLyuzVDdld95AnhEfAF4sz4jPKjhvyI6IDwBBxOcBzhuyI+IDQBDxeYDzhuyI+AAQRHwe4LwhOyI+AAQRnwc4b8iOiA8AQcTnAc4bsiPiA0AQ8XmA84bsiPgAEER8HuC8ITsiPgAEEZ8HOG/IjogPAEHE5wHOG7Ij4gNAEPF5gPOG7Ij4ABBEfB7gvCE7Ij4ABBGfBzhvyE6eEb/km5buMYDVyzPiLz28rMxS3ZTdeQN5RvyCb1q6xwBWL89yuuzgsjqLddNSDwyfKTKO+D0TLFvUADYjz3JqQJxIxIcPco74Sx/FOmgrgFnkWU7zPKoMifjwgYi/dtoKYBZ5ltM8jypDIj58IOKvnbYCmEWe5TTPo8qQiA8fiPhrp60AZpFnOc3zqDIk4sMHIv7aaSuAWeRZTvM8qgyJ+PCBiL922gpgFnmW0zyPKkMiPnwg4q+dtgKYRZ7lNM+jypCIDx+I+GunrQBmkWc5zfOoMiTiwwci/tppK4BZ5FlO8zyqDIn48IGIv3baCmAWeZbTPI8qQyI+fPAnR/zj8Vi+SwsPh0Nc0rbtcGHXdfH2fr9Pfzoej13XdV2X9nM8Hoc7Ge75SVR/gFnkWU6ffVRpKLxeryGE/X6fxrsoDmRN06QBbrRC1HXd4XD4+rHatv3tOj8m4sMHf3LEr+v6dDr1fX86nWLlOh6PTdP0fd/3fVVVac22bZumCSFcr9eiKOq6jst3u10Ioeu6qqr6dyGEqqrO53Pf93VdD18qPEOeYxLA6uRZTp96VNfrNY5fl8slDnNxFBsdQLyRBrjPIv5w3PzM7f7nIuLDBynilzl5WcSP+btt25jahw86LEOxCMY1397eUrKPW93WtVQB67q+WwpnlOeYBLA6qZwuPQZ+8OwiXxTFcJxKF+nj29H7/T4+etu28VpYHODi29fD/aShsGmaeOT7/T6EcL1e467inl3FhxeJz4c+My+L+LEM7Xa7vu+v12vM7nftdrvr9Roje1VV1+u1aZr4CqHruvQaKVbGqqpSaX72v0LEB5hFURR934fMxsRnF/m+7+OAFSfqxAQfr3z1fX+5XFLEj1e1qqpqmma/3/cfr8cPr3bFI48jZnz3+3K59H0/8Ur/z4j48EGGVyzKF17FjxN1Up364kHjJf/4GqBpmqZpYtAPHyfqxJXTRJ3z+fy8KxbpmEV8gMfFizUhszHxBUU+jlbxonuM+OkaVngfGYcRvyzLOKtnKMX39Pm0+P7A8PKZiA+vkybqvPq6xJdePFEniRcn4u34jmQSC1MscHHezhc1K03U6brui3cGZiHiA8wildOlx8APnlrk27aN42AK4sOr+OH9E2jhY8Q/n8+3M/LTUFhVVbxmn67ii/iwgD/847ajiN/3/W63i5cfbj8mWxRFWrjb7dKLgeFEnXjNPk3UKcvyfD4/9V8h4gPMIs9y+uyjSqNeHK1Sdo/L9/t9DOjDiN91Xd/35fvc1PA+cT99vC3ucLfbifiwmD854vf3PtefLpx8vf5oheEVl9u7T5XnmASwOnmW0xfMxR+OVsMbd/90u2Za+bf7DL5RB17mT47426CtAGaRZznN86gyJOLDByL+2mkrgFnkWU7zPKoMifjwgYi/dtoKYBZ5ltM8jypDIj58IOKvnbYCmEWe5TTPo8qQiA8fiPhrp60AZpFnOc3zqDIk4sMHIv7aaSuAWeRZTvM8qgyJ+PCBiL922gpgFnmW0zyPKkMiPnwg4q+dtgKYRZ7lNM+jypCIDx+I+GunrQBmkWc5zfOoMiTiwwci/tppK4BZ5FlO8zyqDIn48IGIv3baCmAWeZbTPI8qQyI+fJBzxC+ZQPUHmEWe5dSAOJGIDx/kHPGZbukeA1i9PMvpsoPL6izWTUs9MHymyDLi93zT0j0GsHrLZsTPLD28rMxS3ZTdeQN5RnwAeLE8Iz6r4LwhOyI+AAQRnwc4b8iOiA8AQcTnAc4bsiPiA0AQ8XmA84bsiPgAEER8HuC8ITsiPgAEEZ8HOG/IjogPAEHE5wHOG7Ij4gNAEPF5gPOG7Ij4ABBEfB7gvCE7Ij4ABBGfBzhvyI6IDwBBxOcBzhuyI+IDQBDxeYDzhuzkGfFLvmnpHgNYvTwj/tLDy8os1U3ZnTeQZ8QviqJnsty6D2CN8oz4Bd+xWDct9cDwmSLXiB9cupgm5Nd9AGu0bEb8TDyqpS8lrYCIDx/kHPEVtd/Ks/sA1ijniL/0UayAiA8f5JkR8zyqDGkogLnkGabzPKoMifjwQZ4ZMc+jypCGAphLnmE6z6PKkIgPH+SZEfM8qgxpKIC55Bmm8zyqDIn48EGeGTHPo8qQhgKYS55hOs+jypCIDx/kmRHzPKoMaSiAueQZpvM8qgyJ+PBBnhkxz6PKkIYCmEueYTrPo8qQiA8f5JkR8zyqDGkogLnkGabzPKoMifjwQZ4ZMc+jypCGAphLnmE6z6PKkIgPH+SZEfM8qgxpKIC55Bmm8zyqDIn48EGeGfGzo2qapizL0e22bcuyvF6vIYTr9VqWZdu28UYy3EnXdWVZdl0XQijL8ng83l057j+uEEI4HA6Hw2F4Yygew92H2+/36eFG/4Th8ez3+7Qk7qRpmuEK6d84paEA+K48w/SLjyoNZGmki6NYGt2G413btmnD4/E4HBzTGJqGv2cT8eGDPDPiFxE/LUy327YtiiJF/KIoYsQviuJ8Pvd9XxRFisshhK7riqLouu54PO52u77v48qn06nv+77vw3ttulwufd83TdN1XVVVVVWFENKNoXgMcf26rlOIj3uu67qu69t/QlpS13U8pPTP3+12u90u3q3rerfbpX/jlIYC4LtE/PhwcSjc7XZx0NntdnF0i+Nj27Z1Xfd9fz6fh6NhHBzTOBWH1zgmvuzIRXz4S54Zca6IH0NzXJJ2EiN+TNWXy2W4VVpnt9uNqtKUiD86hvAe3+Nfb/8J6bHiS4j0iPE1yfD4410RH+B5RPwwGFDSZaaU9aMY8UMIXdelYat9ly6o7Xa7OA7GFwavOXIRH/6SMmKZk68j/mi1LyJ+Wm1YnmLEL4oiJfXhynFaziMRPwxeVKQal/L6KOLHg4l7SPU0bl5VVdM0cXlcTcQHeJ6UERcY9j73+ogfHzeNdLvdLi6J42Mc7+KSdGlsuHK8Ed8HKE3UgaXE50Ofn/B5xI8rvL29fRbxu64bTtSp63o40z3G5dPplCbw3E7UmeUqfnygVKPjDkcRP76ZkNYZvu3QNM1ut4tBX8QHeLY4voTMxsSlJuo0TROHyM8m6vTvk3lG19RSpu/7/nK5lB8/fvbUIxfx4S+5Xb9PwuSJOjH+xmsJKWoPJ+rUdT0M5Wku/tvbW1mWaeXhRJ3hxJimaa7X6/SIH1N7etxYB9MLklHEH760SK8rhm9ExEMV8QGeLQ6I4Y+/ih9vxImm4fOJOuF9omnTNGkgO51OdV3HhaMdvuDIRXz4y8uuQ3zL1xN1bm+fTqdUDU+nU/g496Z4n3MfpYgfQtjtdofDYbhy+X69oaqqeDfWsmHETyunqjd84zJdB9rtdqnGpVcRw7lGf//734fBPf2L0uuNqqrim54iPsCzxQEoZDYyLjVRpyzL/n0sS0uu1+twvLv7GiAebRpD46D8miMX8SF3XyTXfvDBndHt6HZJf/NZn7Qk/fV25dGSL9b87OFuV7hd8+46t4d3u7ffNhQAG/Di5Prb0fB2yWcD2d3x93lEfFgByXUiDQWwbcsm1xUR8WEFJNeJNBTAton4E4n4sAKS60QaCmDbRPyJRHxYAcl1Ig0FsG0i/kQiPqyA5DqRhgLYNhF/IhEfVkBynUhDAWybiD+RiA8rILlOpKEAtk3En0jEhxWQXCfSUADbJuJPJOLDCkiuE2kogG0T8ScS8WEFJNeJNBTAton4E4n4sAKS60QaCmDbRPyJRHxYgZRcy2yEEEY3ciDiA2ybiD+RiA8rEJ+lfU7S8WR4YKo/wFbF5Lr0BaUVEPFhBTIsZyGEMrNL+ImID7BVBd+xWDct9cCwLktfGb8jDKYPLX0sdyzdYwA8xdLDy8os1U0iPqxYYeI7AHBDMoAVE/EBgFuSAayYiA8A3JIMYMVEfADglmQAKybiAwC3JANYMREfALglGcCKifgAwC3JAFZMxAcAbkkGsGIiPgBwSzKAFRPxAYBbkgGsmIgPANySDGDFRHwA4JZkACsm4gMAtyQDWDERHwC4JRnAion4AMAtyQBWTMQHAG5JBrBiIj4AcEsygBUT8QGAW5IBrJiIDwDckgxgxUR8AOCWZAArJuIDALckA1gxER8AuCUZwIqJ+ADALckAVkzEBwBuSQawYiI+AHBLMoAVE/EBgFuSAayYiA8A3JIMXqeEWYVBxF/6WOAVlq7iAKsh4r9OURQ9zCeEkP4Pm+fdKoDpVMzXiePT0lfB+Lncui8dT24HliettGrBhDSA71AxXyfNqVj6Whg/kWH3hffr98GF/N/JsPuYzmdOAL5LxXwdo9Sq6b5V032rpvsAvkvFfB2j1KrpvlXTfaum+wC+S8V8HaPUqum+VdN9q6b7AL5LxXwdo9Sq6b5V032rpvsAvkvFfB2j1KrpvlXTfaum+wC+S8V8HaPUqum+VdN9q6b7AL5LxXwdo9Sq6b5V032rpvsAvkvFfB2j1KrpvlXTfaum+wC+S8V8HaPUqum+VdN9q6b7AL5LxXwdo9Sq6b5V032rpvsAvkvFfB2j1KrpvlXTfaum+wC+S8V8HaPUqum+VdN9q6b7AL5LxXwdo9Sq6b5V032r1vd9+j8AU2x2wCvzUxRF+n9ulu6usXhIS7fKB7pvuqXb4w7dN9HSjfGpzI8NIDebjfgF37F0d40VRVH+49+XbpXVWLq7xpZuj5VZurs+KIqiz1IIYelDuC+3HgSINlubsh2ocpNhyAgxI/7j34v/+W/++81/2XafJ+AEGXZf3/ch4+vluQmmDwG5ymt0mVFuA2e2MgwZIUV8//32v2y7L7+jylCGDRVjq1doU8S+K03UAbKU1+gyo9wGzmxlGDKCiC/i/xkybKjC55In01ZAzjZbm15Tdg+HQ3y7dr/fp4X7/T4u7LoubaEeDwAADJ1JREFULbxer3Hh8XgMIXRdV5Zl0zRphbikbdsQQtu2ceV496kyDBlh9oh/+JeiLH/998//x4c/xYX/7X8X//j34m//+tdqZVn8x//0YfO//euvu//lv9/f22i1f/x78R//06/V4sLhzuMjivg3DofD4XBId0fPpvQ8Gq7z2bbpeRSfdGnbsiyv1+to2/1+H1cbiTtJ6zdNc/vcHD2Xp8uw+8TW6bQVkLPN1qbXlN2qqs7nc9/3TdPEMf5wOJxOp/g2blVVac26ruOadV2HELquq6pqt9sNd1XXdcwNu90u7iGu/FQZhozwjIj/H/7p1+T1//BPf+Xy//q/iv/wT8U//+e/cvn//Lfib38viuLXynHhf/inX3tIET+u8H/+30VRFP/1f91f7W//Ot5PURR/+/uHJSL+R4fDoW3b9MSJT6u+78/nc1xY1/XlcolPruFL6NttY6BPcyrC4Dn49vY2SuT7/f50Ot0+3dq2reu6qqoU8auq6vv+crmkJ29ZlqfTScT/A2krIGebrU0vi/gxZ8Qscr1eh6m9H3wMq2maGD7iwhjxU6a/Xq9VVTVNE+/G2+ElH+TKMGSEJ0X8YUCPF9EP/1L87V+Lv/3rX39N0TzdjS8D/tv//ivNxz3EP6Vdfbba8KL+6K6If6Pv+/hciHfTK+fw/oxOz4jbiH+77dvb23CFpmliiL+7bdd1d19Rx5cTKeLHAxg+0/u+b9tWxP8DaSsgZ5utTS+L+PFd+xgsYnD/bOX4Fn+aqBNzRlw/hvsU8WOqMFHnKRF/mMtjHI+5PM2cGUX8w78Uh38p/vHvf13sj9k9zrdJu71dLS6Ma/6X/57i+J3JQiL+wDCmD6fWDHc4XOezbdOMmuEsmrquP5tU81nEDyEMI37a+el0SndF/D+TtgJyttna9OKJOrfX9u6K2b1t2xTud7tdzDHhPeinNfu+vztpeF4Zhozwmqv4w6Q+vL4+ivgplxfFr52kiTpx2k9M9rer/ePfi3/8W/E//6345//8a0lhos7vjeJ7fCIMJ8aEEOIMnK+3jSk8PY/C+0yeOK3udtr99IgfZ+8MVxDx/0zaCsjZZmvTyyL+6B3/3W6XYvowRqRPAcbJOcPr9/v9Ps4oiBH/er2mDeMLgKf+EzIMGeGpET9Ovo+X2w//8itw386hH74eiOukmfdpok7c29/+9f5qh3/5azrQXxHfRJ3fuHuFvq7rmKrTDPvfbpuCeHrhnZ5Nwyn7ycSIH2f7jA5AxP8zaSsgZ5utTUtF/HjJ8PYbddKXe9xO6SmKIgaIdBU/Tif48dd0fEuGISM8I+KnC/b//J9/XUQvil/zZ/7xPnsnzqEfRvzDv/x6PZAC/eFf7kzUubvaf/vff71F8H/9vx+u9PtGnU/Er6gqiiI+fYbPmpiqD4dD/Gua87bf7+OzZrRtCGG328U1z+dzCOF0OqXn5uVyCSGkNeP39sRtr9dr0zTxNXk8gLj8eDzGFxjpAOK25cDLGup5xNbptBWQs83WpteU3btXE4df4vHF8tsbv93DM2QYMsL834v/8Rdh48LRbJnh3b9u/9vN8n/7dePD3n63Wlo+WiLifzT8XaHRktsV4sK7f7q77d29fbHt3T998Sg/eMJm2H1i63TaCsjZZmuTsjtRhiEj+OmrPzXi/2kybKjpsXX4SwLp9vCnCeInnsPgPczbHzQ4Ho/xR0XiOsO3boYrj34eIb3DefetztHPIwzXGf4pfZh7+C9KDz3lqw5EfCBnm61Nyu5EGYaMIOKL+H+GDBtqemzd7Xbp0wvpdlVVw088x/20bVsURd/35/O5KIrhDMa6ruMnJcqyjB9JiivHXz+Ib4zs9/s4U6t//7GRoihiak83hobHMFpn+Kf4kYzhp6fiv6Lv+3RUc7UVwOtttjYpuxNlGDKCiC/i/xkybKjnRfwQQtd1xftHj6IYpg+HwzB5D9eJm8RPU4T3CVSzRPz45Wbxp81G/woRH9iAzdam9JE4vpZhyAgp4sdPpvrvi/+y7T5PwAky7L5vRfzUy0VR/DbixzVH0bmu69gI6VL6cOX45WOjC/9hjoh/vV7jC4m4/9G/KP6++IxtBfB6m61NBd+xdHeNFUXR68TJlu6usaXbY2WW7q4Pim9exY/zZz67ih8DfZqoE9ccfptwvF7+9vZWvv8GyHCiTni/ij9jxI/HGV9+pNcn8QVG/FdcLpdi8JJjlrYCeL3N1qae71i6u8b6m28v4QtLd9fY0u2xMkt31wffjfij2/GqfFyYonaaqBPXHIbyNCUmTtcJNxN14p9SZI8vD74V8Yebp/Xj64rY/ml9E3WALVGbAPjlwYgfE3O6Oh5fwHw9UScuiZ/Ebdt2uHIM/fGyelwSL+cPI35cHr+WJ6qqKi2/Xq9936e7w1k66Z2B9KIi/SvuvnXwSFsBvJ7aBMAv02Pr8C2I29ujNyg+e9ditOFnK9/e/dZj3V0yOozPDuYLIj6QM7UJgF/E1um0FZAztQmAX8TW6bQVkDO1CYBfxNbptBWQM7UJgF/E1um0FZAztQmAX8TW6bQVkDO1CYBfxNbptBWQM7UJgF/E1um0FZAztQmAX8TW6bQVkDO1CYBfxNbptBWQM7UJgF/E1um0FZAztQmAX1JsLfkdER/ImdoEwC8xsPZME0R8IFdqEwC/ZHv9PoSw9CHcJ+IDeVKbAPhl6cvi96UpMUsfyH1LdxrAHSI+AFkz6x3gu1RMALIm4gN8l4oJQNZEfIDvUjEByJqID/BdKiYAWRPxAb5LxQQgayI+wHepmABkTcQH+C4VE4CsifgA36ViApA1ER/gu1RMALIm4gN8l4oJQNZEfIDvUjEByJqID/BdKiYAWRPxAb5LxQRYRsk0KeIvfSD3LX0eAdwh4gMsoyiKnmlCCEsfwn3eWwDypDYBLKPv++Ba/pqlTgTIjYgPsIyYEV3LX6l4/b40UQfIkogPsAyfIl013QfkTG0CWIaMuGq6D8iZ2gSwDBlx1XQfkDO1CWAZMuKq6T4gZ2oTwDJkxFXTfUDO1CaAZciIq6b7gJypTQDLkBFXTfcBOVObAJYhI66a7gNypjYBLENGXDXdB+RMbQJYhoy4aroPyJnaBLAMGXHVdB+QM7UJYBky4qrpPiBnahPwRyjLMv4/H0VRpP/nZunuGlu6Pe7QfUDORHzgj5CuuTLF0t01tnR7rMzS3QUsTyEA/ggx9/T8Tp4ZMR7V0m2zAnl2H/B6CgHwR5B7JsozI+Z5VBnSUECkEAB/BLlnojwzYp5HlSENBUQKAfBHmDf3XK/X9NHGpmniwrZt45LD4TBc+XA4pJXbto0L9/v98MORaYfH4zGE0HVd2knXdaPN4wN1XRdXmPfjlXlmxKWO6ng83n6GNXVo6s3w3mXDE2ORT77m2X3A6ykEwB9h9oi/2+3i7Ofdbne9XruuS0uapkn5O4RQVdX5fO77/nK5pGi+2+0ul0tcP4RQ13Vcp67rEELXdVVVhfd8n9aMC9u23e128fbs/7Q8M+JSR1XX9el06vv+dDrFV1/H47FpmmF3RKnL0lmROveV8uw+4PUUAuCP8IyIH2/HiB+z4N2Vq6pKif90OsUQH7dK6zRNkwJiGOTF0W7jX9u2reu6rut4FVnEf57UyLHNw8fWHib41GVROj1eLM/uA15PIQD+CLNH/OL9C9FjBB/m+JHhn7quSxF/ODMnhNA0zXCiTsyLads4sWe/34f3uJleZoj4z1PXdeymeFV++NJuRMQHsqIQAH+E503UiUvS5d5bw4ifLgaPJupEce5H27bDq/hxt2n6x3An8a8i/vOkiTqpmz47DBEfyIpCAPwRnjdRJ4rz49Pt0Vz84Udj01z84USd9OHamNpHc/HTmqOI3/d9WZYi/vPcvnKrqip9wDq9AxNEfCAzCgHwR3h2xA/vM23KshxGvRBCVVXp+1XO53NcmCbqxASfvo0nJfu0k/P5nNaMyT5F/BDC29ubiP88txE/vpdy9xt1RHwgHwoB8EeYPffc/bKU9COjdxeO5uSMFt7e/Xrlr4/kx/LMiEsd1fReDs/slOny7D7g9RQC4I8g90yUZ0bM86gypKGASCEA/ghyz0R5ZsQ8jypDGgqIFALgjyD3TJRnRszzqDKkoYBIIQD+CDH3lPxOnhkxHtXSbbMCeXYf8HoKAfBHiLmnYJqlu2ts6fZYmaW7C1ieQgD8EeI3nPRMs3R3jS3dHiuzdHcByxPxAQBgU0R8AADYFBEfAAA2RcQHAIBNEfEBAGBTRHwAANgUER8AADZFxAcAgE0p/j/4s/0/AADb8v8DRA7P6WU/Eq4AAAAASUVORK5CYIIA" />', 7, '41', 1, '2017-12-19 12:38:43', NULL, 1),
(43, 'cara-mendaftar-telegram-center-otomatis', 'Cara Mendaftar Telegram Center Otomatis', '<h3><span style="color:#3498db"><span style="font-size:20px"><u><strong>Cara Mendaftar Telegram Center Otomatis</strong></u></span></span></h3>\r\n1. Silahkan add Telegram Center Karunia di <strong><span style="color:#3498db">@KaruniaTravelBot</span></strong><br />\r\n2. Pastikan Anda sudah membuat username Telegram. Misal @Agentravel dsb.<br />\r\n3. Silahkan ketik format <span style="color:#3498db">REG#ID#Password</span>. ID diganti dengan ID Agen Anda, dan Password di isi password Anda. Contoh: REG#Agentravel#123456. Kirim ke Telegram Center kami.<br />\r\n4. Jika gagal, kirim ulang. Setelah berhasil akan direspon: <em>Selamat registrasi Anda berhasil!</em><br />\r\n5. Silahkan coba dengan cek Saldo Anda sendiri dengan cara ketik SALDO kirim ke Telegram Center kami di <span style="color:#3498db"><strong>@KaruniaTravelBot</strong></span>, Saldo Anda akan ditampilkan.<br />\r\n6. Selamat menggunakan<br />\r\n<br />\r\n<u>Catatan:</u><br />\r\n- Pandu agen hingga bisa mendaftar dan pandu juga hingga cara penggunaannya<br />\r\n- Bersikap ramahlah kepada agen<br />\r\n<br />\r\n&nbsp;\r\n<div style="text-align:center"><strong>- PELAJARI | PAHAMI | PRAKTEKAN -</strong></div>\r\n', 4, '40', 1, '2017-12-19 12:41:20', NULL, 1),
(44, 'cara-proses-transaksi-di-abacus', 'Cara Singkat Proses Transaksi di Abacus', '<h3><span style="color:#3498db"><u><strong>INFORMASI CARA-CARA PROSES ABACUS</strong></u></span></h3>\r\n<br />\r\n<strong>CARA BOOKING ABACUS</strong><br />\r\n1. Klik Logo ABACUS.<br />\r\n2. Masukan password (updated)<br />\r\n3. Setelah layar biru muncul, ketik: si*2504 lalu Enter.<br />\r\n4. Masukan lg password.<br />\r\n5. Jika gagal JANGAN ULANGI, tanyakan ke Zuhri / Agung.<br />\r\n6. Jika berhasil masuk, akan muncul kalimat Welcome.<br />\r\n7. Cara cek ketersediaan seat ketik:<br />\r\n1(tanggal)(rute)(tanda[)(kode maskapai). Selalu diawali angka 1.<br />\r\nContoh: 124AprCGKSIN[GA lalu Enter<br />\r\nDi sini akan muncul seat dan kelas. Agar tidak bingung pilih kelas dan penerbangan, bisa cek terlebih dahulu di sistem internasional milik NATA.<br />\r\n8. Jika sudah ketemu, klik 2 kali seatnya. Misal kelas V klik 2 kali di kelas V. Nanti muncul rutenya.<br />\r\n9. Saatnya masukan nama. Selalu awali dengan tanda - (min). Nama dibalik. Contoh nama Ahmad Jais. Ditulis: -Jais/Ahmad MR Lalu enter.<br />\r\n10. Masukan no HP. Diawali angka 9 dan kode 62. Contoh 96285230XXX Enter. Lalu masukin nomor Karunia 62315313253 (Nomor KANTOR dulu). Contoh: 62315313253-T<br />\r\n6281331486677-M<br />\r\n11. Ketik 6NAMA. Contoh: 6Zuhri Enter.<br />\r\n12. Ketik: 7TAW/ enter<br />\r\n13. Ketik ER Enter<br />\r\n14. Ketik IR Enter (Di sini akan keluar kode bookingnya dan TL).<br />\r\n<br />\r\n----------------------------------------------------------------------------------------------------------------------<br />\r\n<br />\r\n<u><strong>CARA CEK ULANG KODE BOOKING</strong></u><br />\r\n*KodeBooking Enter<br />\r\n<br />\r\n----------------------------------------------------------------------------------------------------------------------<br />\r\n<br />\r\nCARA MENGETAHUI HARGA<br />\r\n*KodeBooking Enter<br />\r\nWPA(Kode Maskapai). Contoh: WPAGA Enter<br />\r\n<br />\r\n----------------------------------------------------------------------------------------------------------------------<br />\r\n<br />\r\n<u><strong>CARA CANCEL BOOKING</strong></u><br />\r\n*KODEBOOKING<br />\r\nXI<br />\r\n6NAMA (6Zuhri)<br />\r\nER<br />\r\nIR<br />\r\n<br />\r\n----------------------------------------------------------------------------------------------------------------------<br />\r\n<br />\r\n<u><strong>CARA SPLIT NAMA PENUMPANG (9 Langkah)</strong></u><br />\r\n<br />\r\n1. D1<br />\r\nDivide name item 1<br />\r\nD1.1*2.1<br />\r\nDivide name 1.1 and 2.1<br />\r\n<br />\r\n2. Modify the divided PNR at this point<br />\r\n<br />\r\n3. 6 CALLER NAME<br />\r\nAdd the received from&nbsp; eld<br />\r\n<br />\r\n4. F<br />\r\nFile PNR<br />\r\n<br />\r\n5. Modify the second PNR if needed (original)<br />\r\n<br />\r\n6. 6 CALLER NAME<br />\r\nAdd the received from&nbsp; eld<br />\r\n<br />\r\n7. E<br />\r\nEnd transaction<br />\r\n(30SI YY TCP2 etc. TO LINK PNR)<br />\r\n<br />\r\n8. A*<br />\r\n<br />\r\n9. MD<br />\r\n<br />\r\n----------------------------------------------------------------------------------------------------------------------<br />\r\n<br />\r\n<strong><u>CARA RELOCK</u></strong><br />\r\n*ABCDEF (kode booking)<br />\r\nWT-90CD/ON<br />\r\nEr<br />\r\nIr<br />\r\n<br />\r\n----------------------------------------------------------------------------------------------------------------------<br />\r\n<br />\r\n<strong><u>CARA KIRIM EMAIL</u></strong><br />\r\n*ABCDEF<br />\r\nPE&yen;ticketing@karuniatravel.com&yen;to/ticketing<br />\r\n6rcvd<br />\r\nEm<br />\r\n<br />\r\n----------------------------------------------------------------------------------------------------------------------<br />\r\n<br />\r\n<u>Catatan:</u><br />\r\n- Sementara maskapai Internasional yang memberikan komisi di Abacus adalah:<br />\r\n1. Garuda Indonesia (GA) komisi 2% (berangkat dari Indonesia)<br />\r\n2. Vietnam Airlines (VA) komisi 1,5%<br />\r\nSelain maskapai tersebut belum dapat komisi.<br />\r\nCara hitungnya: Harga total ditambah 2,5% + 10,000 / Pax / Segment<br />\r\nNOTE: Yang ditambah 10,000 hanya pax dan segmen, bukan 2,5%.<br />\r\n<br />\r\n- Jika ada peratnyaan lain silahkan hubungi Zuhri atau Agung.<br />\r\n<br />\r\n&nbsp;\r\n<div style="text-align:center"><strong>- PELAJARI | PAHAMI | PRAKTEKAN -</strong></div>\r\n', 4, '33,42', 1, '2017-12-19 12:49:14', NULL, 1),
(45, 'cara-topup-tiger-scoot', 'Cara Topup Tiger Scoot', '<h2><span style="color:#3498db"><u><strong>Cara Topup TIGER Scoot</strong></u></span></h2>\r\n1. Login ke web Tiger Scoot<br />\r\n2. Masuk menu TOPUP dan lakukan request. (Akan dikenakan biaya admin 7,500. Harap topup minimal 5juta).<br />\r\n3. Klik SUBMIT dan akan muncul kode Virtual Account-nya.<br />\r\n4. Masuk ke BCA di menu Transfer lalu Transfer ke BCA Virtual Account.<br />\r\n5. Input Nomor Virtual Account dari web Tiger Scoot. Lanjutkan<br />\r\n6. Proses dan input token<br />\r\n7. SELESAI<br />\r\n<br />\r\n<u>Catatan:</u><br />\r\n- Sekali topup dikenakan biaya admin 7,500<br />\r\n- Topup sesuai kebutuhan<br />\r\n<br />\r\n&nbsp;\r\n<div style="text-align:center"><strong>- PELAJARI | PAHAMI | PRAKTEKAN -</strong></div>\r\n', 4, '15,43', 1, '2017-12-19 12:55:35', NULL, 1),
(46, 'cara-refund-trigana', 'Cara Refund Trigana', '<h2><span style="color:#3498db"><u><strong>Cara Proses Refund Trigana via Web</strong></u></span></h2>\r\n1. Masuk ke web Trigana lalu input Kode booking<br />\r\n2. Klik Cancel Book<br />\r\n3. Klik Refund Limit<br />\r\n4. Di bawah akan ada status XX dan kotak kecil dicentang<br />\r\n5. Isi Contack Person -&gt; Submit -&gt; Klik refund -&gt; Save<br />\r\n6. SELESAI<br />\r\n<br />\r\n<br />\r\n<u>Catatan:</u><br />\r\n- Cek saldo sebelum proses refund, saldo akan bertambah setelah refund sukses.<br />\r\n- Refund di web hanya berlaku untuk refund reguler (permintaan penumpang)<br />\r\n<br />\r\n&nbsp;\r\n<div style="text-align:center"><strong>- PELAJARI | PAHAMI | PRAKTEKAN -</strong></div>\r\n', 4, '34,44', 1, '2017-12-19 13:03:11', NULL, 1),
(47, 'cara-topup-mg-holiday', 'Cara Topup MG Holiday', '<h2><span style="color:#3498db"><u><strong>Cara Topup MG Holiday</strong></u></span></h2>\r\nTransfer langsung ke BCA<br />\r\nRekening: <strong>2610779797 an PT. Mitra Global Holiday</strong><br />\r\nMata Uang: IDR<br />\r\nCabang: Suryopranoto<br />\r\n<br />\r\nBeri Berita: KARUNIA TRAVEL<br />\r\nBukti transfer kirim email ke: <span style="color:#3498db">putri.permatasari@mgholiday.com</span><br />\r\nCC ke: <span style="color:#3498db">indra@karuniatravel.com</span> dan <span style="color:#3498db">surabaya1@karuniatravel.com</span><br />\r\n<br />\r\n<br />\r\n<u>Catatan:</u><br />\r\n- Waktu Topup: Senin - Jumat (jam kerja) di jam 08.30-17.30.<br />\r\n<br />\r\n&nbsp;\r\n<div style="text-align:center"><strong><span style="color:null">- PELAJARI | PAHAMI | PRAKTEKAN -</span></strong></div>\r\n', 4, '15,31', 1, '2018-01-02 15:46:59', NULL, 1),
(48, 'cara-topup-sriwijaya', 'Cara Topup Sriwijaya', '<h2><span style="color:#3498db"><u><strong>Cara Topup Sriwijaya Air</strong></u></span></h2>\r\n<strong>Bisa melalui Bank BCA atau Mandiri, tapi diutamakan BCA.</strong><br />\r\n<br />\r\n<strong><u>Cara Topup di BCA:</u></strong><br />\r\n1. Login ke Sriwijaya, masuk ke Menu Topup -&gt; Request Topup.<br />\r\n2. Payment Method pilih &quot;Klik BCA&quot;<br />\r\n3. Isi dengan indragun3086<br />\r\n4. Amount di isi 10 untuk 1juta, 20 untuk 2juta, dan seterusnya.<br />\r\n5. Klik SUBMIT<br />\r\n6. Masuk BCA user indragun3086 ke menu Pembayaran E-Commerce<br />\r\n7. Kategori isi Tour/Travel/Hote/, lalu Nama Perusahaan isi Sriwijaya Air. Lanjutkan<br />\r\n8. Cek ulang dan pastikan nama KARUNIA TRAVEL. Centang dan masukan token BCA.<br />\r\n9. Proses dan Selesai<br />\r\n<br />\r\n<u><strong>Cara Topup di Mandiri:</strong></u><br />\r\n1. Login ke Sriwijaya, masuk ke Menu Topup -&gt; Request Topup.<br />\r\n2. Payment Method pilih &quot;Internet Banking Mandiri&quot;<br />\r\n3. Isi Amount dengan 10 untuk 1juta, 20 untuk 2juta, dan seterusnya.<br />\r\n4. Klik SUBMIT dan copy kode topup di Transaction No.<br />\r\n5. Login ke Bank Mandiri<br />\r\n6. Masuk ke menu BAYAR kemudian MULTIPAYMENT<br />\r\n7. Pilih Rekening Mandiri Travel<br />\r\n8. Di kolom Penyedia Jasa ketik &quot;Sriwijaya Air&quot;<br />\r\n9. Input / paste kode topup dari web Sriwijaya<br />\r\n10. Lanjutkan dan proses - SELESAI<br />\r\n<br />\r\n<br />\r\n<u>Catatan:</u><br />\r\n- Topup Sriwijaya di Mandiri tidak bisa disimpan seperti Lion karena ganti kode setiap request<br />\r\n<br />\r\n&nbsp;\r\n<div style="text-align:center"><span style="color:null"><strong>- PELAJARI | PAHAMI | PRAKTEKAN -</strong></span></div>\r\n', 4, '15,31', 1, '2018-01-02 16:14:02', NULL, 1);

-- --------------------------------------------------------

--
-- Table structure for table `tag`
--

CREATE TABLE `tag` (
  `id_tag` int(11) NOT NULL,
  `tag` varchar(255) NOT NULL,
  `kategori_id` int(11) NOT NULL,
  `status` int(1) NOT NULL
) ENGINE=InnoDB DEFAULT CHARSET=latin1;

--
-- Dumping data for table `tag`
--

INSERT INTO `tag` (`id_tag`, `tag`, `kategori_id`, `status`) VALUES
(15, 'Topup', 4, 1),
(16, 'Bagasi', 5, 1),
(17, 'Call Center', 5, 1),
(19, 'Penarikan Saldo / Transfer Balik', 5, 1),
(20, 'Customer', 5, 1),
(21, 'Bank', 5, 1),
(22, 'Promosi', 5, 1),
(23, 'Nomor', 5, 1),
(24, 'Rekening', 5, 1),
(25, 'Terminal', 5, 1),
(26, 'Maskapai', 5, 1),
(27, 'Maskapai', 5, 0),
(28, 'Refund', 5, 1),
(29, 'Kontak', 5, 1),
(30, 'Hotel', 5, 1),
(31, 'Transfer', 4, 1),
(32, 'Issued', 4, 1),
(33, 'Booking', 4, 1),
(34, 'Refund', 4, 1),
(35, 'Transfer', 6, 1),
(36, 'Bandara', 5, 1),
(37, 'PIN', 4, 1),
(38, 'Cek BNI', 4, 1),
(39, 'BNI', 4, 1),
(40, 'Telegram Center', 4, 1),
(41, 'INTERNET', 7, 1),
(42, 'Abacus', 4, 1),
(43, 'Tiger', 4, 1),
(44, 'Trigana', 4, 1),
(45, 'Customer', 4, 1);

-- --------------------------------------------------------

--
-- Table structure for table `user`
--

CREATE TABLE `user` (
  `id_user` int(11) NOT NULL,
  `username` varchar(255) NOT NULL,
  `password` varchar(255) NOT NULL,
  `akses_id` varchar(255) NOT NULL,
  `divisi_id` varchar(255) DEFAULT NULL,
  `status` int(11) NOT NULL
) ENGINE=InnoDB DEFAULT CHARSET=latin1;

--
-- Dumping data for table `user`
--

INSERT INTO `user` (`id_user`, `username`, `password`, `akses_id`, `divisi_id`, `status`) VALUES
(1, 'admin', '21232f297a57a5a743894a0e4a801fc3', '1,8,7,3,4,5,2', '1,2', 1),
(2, 'user', 'ee11cbb19052e40b07aac0ca060c23ee', '1,7,3,4,5,2', '1,2', 1),
(3, 'adit', '486b6c6b267bc61677367eb6b6458764', '1,7,3,4,5', '1', 1),
(4, 'agung', 'e59cd3ce33a68f536c19fedb82a7936f', '1,7,3,4,5', '2', 1),
(5, 'zuhri', '57ffc19b1f7e850f8a69a10f3f18b260', '1,7,3,4,5,2', '2', 1);

--
-- Indexes for dumped tables
--

--
-- Indexes for table `akses`
--
ALTER TABLE `akses`
  ADD PRIMARY KEY (`id_akses`);

--
-- Indexes for table `divisi`
--
ALTER TABLE `divisi`
  ADD PRIMARY KEY (`id_divisi`);

--
-- Indexes for table `kategori`
--
ALTER TABLE `kategori`
  ADD PRIMARY KEY (`id_kategori`);

--
-- Indexes for table `log`
--
ALTER TABLE `log`
  ADD PRIMARY KEY (`id_log`);

--
-- Indexes for table `post`
--
ALTER TABLE `post`
  ADD PRIMARY KEY (`id_post`);

--
-- Indexes for table `tag`
--
ALTER TABLE `tag`
  ADD PRIMARY KEY (`id_tag`),
  ADD KEY `kategori_id` (`kategori_id`);

--
-- Indexes for table `user`
--
ALTER TABLE `user`
  ADD PRIMARY KEY (`id_user`);

--
-- AUTO_INCREMENT for dumped tables
--

--
-- AUTO_INCREMENT for table `akses`
--
ALTER TABLE `akses`
  MODIFY `id_akses` int(11) NOT NULL AUTO_INCREMENT, AUTO_INCREMENT=9;
--
-- AUTO_INCREMENT for table `divisi`
--
ALTER TABLE `divisi`
  MODIFY `id_divisi` int(11) NOT NULL AUTO_INCREMENT, AUTO_INCREMENT=3;
--
-- AUTO_INCREMENT for table `kategori`
--
ALTER TABLE `kategori`
  MODIFY `id_kategori` int(11) NOT NULL AUTO_INCREMENT, AUTO_INCREMENT=9;
--
-- AUTO_INCREMENT for table `log`
--
ALTER TABLE `log`
  MODIFY `id_log` int(11) NOT NULL AUTO_INCREMENT, AUTO_INCREMENT=61;
--
-- AUTO_INCREMENT for table `post`
--
ALTER TABLE `post`
  MODIFY `id_post` int(11) NOT NULL AUTO_INCREMENT, AUTO_INCREMENT=49;
--
-- AUTO_INCREMENT for table `tag`
--
ALTER TABLE `tag`
  MODIFY `id_tag` int(11) NOT NULL AUTO_INCREMENT, AUTO_INCREMENT=46;
--
-- AUTO_INCREMENT for table `user`
--
ALTER TABLE `user`
  MODIFY `id_user` int(11) NOT NULL AUTO_INCREMENT, AUTO_INCREMENT=6;
/*!40101 SET CHARACTER_SET_CLIENT=@OLD_CHARACTER_SET_CLIENT */;
/*!40101 SET CHARACTER_SET_RESULTS=@OLD_CHARACTER_SET_RESULTS */;
/*!40101 SET COLLATION_CONNECTION=@OLD_COLLATION_CONNECTION */;
